Country,Confucius Institute,Link,Active,City,Other Links,"date est.
(mm/dd/yyyy)",,
Afghanistan,Confucius Institute (Chinese Department) at Kabul University,http://www.ku.edu.af/,probably,Kabul,https://english.tyut.edu.cn/info/1008/1778.htm,,,
Albania,Confucius Institute at University of Tirana,http://www.ciut.edu.al/,yes,Tirana,,,,
Angola,Confucius Institute at Agostinho Neto University,http://english.hanban.org/node_42885.htm,yes,Sapu,https://books.google.com/books?id=JmgREAAAQBAJ&pg=PA202&lpg=PA202&dq=Confucius+Institute+at+Toamasina+University&source=bl&ots=jAE614zu17&sig=ACfU3U0TUCcQUg8jRDpSf-OCEvwXvxHZPQ&hl=en&sa=X&ved=2ahUKEwjNlefzs5XyAhUsMlkFHaZABkUQ6AF6BAgLEAM#v=onepage&q=Confucius%20Institute%20at%20Toamasina%20University&f=false,2/6/2015,,
Antigua and Barbuda,Confucius Institute at Antigua and Barbuda,http://zhuanti.hanban.org/videolist/?cat=685&tag=en,probably,Piggotts,https://foundationhalo.org/confucius-institute-of-antigua-and-barbuda/,11/15/2019,,
Argentina,Confucius Institute at the University of Buenos Aires,http://www.institutoconfucio.edu.ar/,yes,Buenos Aires,https://www.facebook.com/XinhuaNewsAgency/posts/3541898865837532,11/30/2019,,
Argentina,Confucius Institute at the National University of La Plata,http://www.institutoconfucio.iri.edu.ar/,yes,La Plata,,,,
Argentina,Confucius Institute at National University of Cordoba,http://zhuanti.hanban.org/videolist/?cat=682&tag=en,yes,Córdoba,https://www.unc.edu.ar/english/confucius-institute-national-university-cordoba-was-opened,10/13/2020,,
Armenia,Confucius Institute at Yerevan Brusov State University of Languages and Social Sciences,http://english.hanban.org/node_10871.htm,yes,Yerevan,http://www.confuciusinstitute.am/,3/1/2009,,
Australia,Confucius Institute at the University of Western Australia,http://confuciusinstitute.uwa.edu.au/,yes,Perth,,1/1/2005,,
Australia,Confucius Institute at the University of Melbourne,http://www.confuciusinstitute.unimelb.edu.au/,yes,Melbourne,,,,
Australia,Confucius Institute at the University of Adelaide,http://blogs.adelaide.edu.au/confucius/,yes,Adelaide,https://confucius.adelaide.edu.au/,3/1/2007,,
Australia,Confucius Institute at the University of Queensland,http://confucius-institute.centre.uq.edu.au/,yes,Brisbane,,7/1/1905,,
Australia,Confucius Institute at Queensland University of Technology,http://www.qut.edu.au/confucius-institute,yes,Brisbane,,,,
Australia,Confucius Institute at the University of Sydney,http://sydney.edu.au/confucius_institute/,yes,Sydney,,6/30/1905,,
Australia,Confucius Institute at the University of New South Wales,http://www.confuciusinstitute.unsw.edu.au/,yes,Kensington,,6/29/1905,,
Australia,Chinese Medicine Confucius Institute at Royal Melbourne Institute of Technology,http://www.rmit.edu.au/about%20our-education/academic-schools/health-and-biomedical-sciences/about/chinese-medicine.confucius-institute,no,Melbourne,"https://www.brisbanetimes.com.au/politics/federal/china-backed-confucius-institutes-face-closure-under-veto-laws-20210423-p57lvo.html

https://collegenews.org/australia-to-shut-down-chinese-learning-institutions-due-to-propaganda-suspicion/",,,
Australia,Confucius Institute at the University of Newcastle,http://www.newcastle.edu.au/confucius-institute,probably,Callaghan,https://www.newcastleherald.com.au/story/5976019/questions-over-university-of-newcastle-confucius-institute/,5/18/2013,,
Australia,Confucius Institute at Charles Darwin University,http://www.cdu.edu.au/confucius-institute,yes,Darwin,https://www.abc.net.au/news/2019-08-29/northern-territory-government-flags-review-confucius-classroom/11457482,7/21/2012,,
Australia,Confucius Institute at New South Wales Department of Education,http://english.hanban.org/node_41923.htm,no,Parramatta,"https://education.nsw.gov.au/news/media-releases/confucius-agreement-to-be-replaced-with--1-2-million-chinese-language-and-culture-programs

https://www.abc.net.au/news/2019-08-23/nsw-government-scraps-confucius-classroom-foreign-influence-fear/11440936",,,
Australia,Business Confucius Institute at Victoria University,https://www.vu.edu.au/victoria-business-confucius-institute-vbci,probably,Footscray,,6/24/1905,,
Australia,Tourism Confucius Institute at Griffith University,https://www.griffith.edu.au/tourism-confucius-institute,yes,Gold Coast,,7/4/1905,,
Australia,Confucius Institute at La Trobe University,http://www.latrobe.edu.au/confucius-institute,yes,Bundoora,,11/1/2011,,
Austria,Confucius Institute at the University of Vienna,https://www.konfuzius-institut.at/,yes,Vienna,,,,
Austria,Confucius Institute at University of Graz,http://konfuzius-institut.uni-graz.at/de/,yes,Graz,,,,
Azerbaijan,Confucius Institute at Baku State University,http://ci.bsu.edu.az/,unlikely,Baku,,,,
Azerbaijan,Confucius Institute at Azerbaijan University of Languages,http://adu.edu.az/,unlikely,Baku,,11/11/2015,,
Bahamas,Confucius Institute at University of The Bahamas,http://cob.edu.bs.chinesecio.com/en,yes,Nassau,"https://www.ub.edu.bs/academics/institutes/confucius-institute/

https://www.facebook.com/CIUBHS/",7/1/1905,,
Bahrain,Confucius Institute at University of Bahrain,http://www.uob.edu.bh/,probably,Zallaq,,4/15/2014,,
Bangladesh,Confucius Institute at North South University,http://nsu.bd.chinesecio.com/,no,Dhaka,https://www.northern.edu/news/confucius-institute-northern-state-university-close-2020,,,
Bangladesh,Confucius Institute at University of Dhaka,http://english.hanban.org/node_45620.htm,unlikely,Dhaka,"https://www.du.ac.bd/academic/department_news/CIST

https://www.facebook.com/ciatdu16/",,,
Barbados,"Confucius Institute at the University of the West Indies, Cave Hill Campus",http://www.cavehill.uwi.edu/confucius,yes,Cave Hill,,6/23/2015,,
Belarus,Republican Confucius Institute of Sinology at Belarusian Statе University,http://www.bsu.by/,yes,Minsk,https://rci.bsu.by/,7/5/2006,,
Belarus,Confucius Institute at Minsk State Linguistic University,http://www.mslu.by/,probably,Minsk,https://rsc.seu.edu.cn/rsc_en/2020/0218/c22025a317598/page.htm,9/12/2013,,
Belarus,Confucius Institute on Science and Technology at Belarusian National Technical University,http://www.bntu.by/,probably,Minsk,,10/21/2014,,
Belarus,Confucius Institute at Francisk Skorina Gomel State University,http://www.gsu.by/en/,unlikely,Gomel,http://confucius.gsu.by/en/news,4/1/2016,,
Belarus,Confucius Institute at Brest State named after A.S. Pushkin University,http://zhuanti.hanban.org/videolist/?cat=716&tag=en,probably,Brest,http://www.brsu.by/en/news/confucius-institute-brest-state-pushkin,10/30/2020,,
Belarus,Confucius Institute at Belarusian State University of Physical Culture,http://www.sportedu.by/,probably,Minsk,https://www.sportedu.by/institut-konfuciya-bgufk-priglashaet-na-kursy-kitajskogo-yazyka-i-kultury/,3/27/2015,,
Belgium,Confucius Institute in Brussels,http://www.belchin.be/,yes,Brussels,https://www.belchin.be/confucius-institute-in-brussels/,9/1/2006,,
Belgium,Confucius Institute in Liege,http://www.confucius.ulg.ac.be/,yes,Liège,"https://www.confucius.uliege.be/cms/c_11139446/fr/confucius

https://kzxy.bfsu.edu.cn/info/1088/1258.htm",10/17/2006,,
Belgium,Confucius Institute at University College West Flanders,https://www.confuciusinstituut.be/,probably,Kortrijk,,4/19/2012,,
Belgium,Confucius Institute at Group T-International Engineering Academy-University of Leuven,http://www.leuvenkongyuan.com/,yes,Leuven,,11/20/2008,,
Belgium,Confucius Institute at ULB,https://institutconfucius.ulb.be/,no,Brussels,https://www.universityworldnews.com/post.php?story=2020041709063826,,,
Belgium,Confucius Institute at VUB,http://www.vub.ac.be/en/confucius,no,Ixelles,https://www.universityworldnews.com/post.php?story=2020041709063826,,,
Benin,Confucius Institute at University of Abomey-Calavi,http://english.hanban.org/node_10954.htm,unlikely,Godomey,"https://china.aiddata.org/projects/31312

http://www.xinhuanet.com//english/2017-06/25/c_136393284.htm",,,
Bolivia,Confucius Institute at the University of San Simon,http://icumss.bol.chinesecio.com/,unlikely,Cochabamba,,9/3/2011,,
Bosnia and Herzegovina,Confucius Institute at University of Sarajevo,http://www.confucius.unsa.ba/,probably,Sarajevo,,4/2/2015,,
Bosnia and Herzegovina,Confucius Institute at University of Banja Luka,https://www.ki.unibl.org/,probably,Banja Luka,"https://www.ki.unibl.org/

https://www.unibl.org/en/university/management-and-administration/rectorate-of-the-university-of-banja-luka/the-confucius-institute

https://thesrpskatimes.com/chinese-new-year-celebrations-in-banja-luka/",1/21/2018,,
Botswana,Confucius Institute at the University of Botswana,http://english.hanban.org/node_10897.htm,probably,Gaborone,"https://www.ub.bw/discover/faculties/humanities/confucius-institute

https://www.ub.bw/about-ub/news/ciub-making-strides-advancing-chinese-language-culture",9/1/2009,,
Brazil,Confucius Institute at São Paulo State University,http://www.institutoconfucio.unesp.br/,yes,São Paulo,"https://www.institutoconfucio.com.br/faq-turmas-especiais-unesp/

https://eng.hubu.edu.cn/info/1027/1027.htm",,,
Brazil,Business Confucius Institute at FAAP,http://www.faap.br/institutoconfucio,yes,São Paulo,,,,
Brazil,Confucius Institute at the Federal University of Minas Gerais,http://www.institutoconfucio.ufmg.br/,yes,Belo Horizonte,https://www.institutoconfucio.ufmg.br/historico.php,11/1/2013,,
Brazil,Confucius Institute at the University of Pernambuco,http://www.confucioupe.com.br/,probably,Recife,https://www.forumchinaplp.org.mo/pernambuco-branch-of-confucius-institute-now-five-years-old/,11/1/2013,,
Brazil,Confucius Institute at Federal University of Rio Grande Do Sul,http://www.ufrgs.br/english/the-university/news/ufrgs-inaugurates-confucius-institute-in-cooperation-with-communication-university-of-china,probably,Porto Alegre,,7/10/1905,,
Brazil,Confucius Institute at University of Brasilia,http://english.hanban.org/node_8712.htm,yes,Brasília,https://www.facebook.com/confuciounb/,,,
Brazil,Confucius Institute at Pontifical Catholic University of Rio de Janeiro,http://confucius.puc-rio.br/,yes,Rio de Janeiro,,7/3/1905,,
Brazil,Confucius Institute at the State University of Campinas,http://www.institutoconfucio.unicamp.br/,yes,Campinas,,4/22/2015,,
Brazil,Confucius Institute at the State University of Pará,https://paginas.uepa.br/institutoconfucio/,unlikely,Belém,,,,
Brazil,Confucius Institute at the Federal University of Ceará,http://english.hanban.org/node_45759.htm,yes,Fortaleza,https://www.ufc.br/noticias/15903-concurso-da-china-de-inovacao-recebe-projetos-live-nesta-quarta-feira-14-orienta-interessados,,,
Brazil,Confucius Institute of Chinese Medicine at the Federal University of Goiás,http://zhuanti.hanban.org/videolist/?cat=793&tag=en,probably,Goiânia,http://ister.edu.ec/congreso/en/speakers/,,,
Bulgaria,Confucius Institute in Sofia,http://www.confuciusinstitute.bg/,yes,Sofia,,,,
Bulgaria,Confucius Institute at St. Cyril and St. Methodius University of Veliko Turnovo,http://confuciusinstitute-velikoturnovo.bg/,yes,Veliko Tarnovo,,,,
Burkina Faso,Confucius Institute at Bobo-Dioulasso Polytechnic University,http://zhuanti.hanban.org/videolist/?cat=679&tag=en,probably,Bobo-Dioulasso,https://www.africaknows.eu/wp-content/uploads/2020/12/Burkina-Faso-tertiarty-knowledge-development-final-draft.pdf,,,
Burundi,Confucius Institute at the University of Burundi,http://english.hanban.org/node_42043.htm,yes,Bujumbura,,,,
Cambodia,Confucius Institute of Royal Academy of Cambodia,http://english.hanban.org/node_10659.htm,yes,Phnom Penh,https://fulcrum.sg/cambodia-embraces-chinas-controversial-confucius-institutes/,12/22/2009,,
Cambodia,Confucius Institute at University of Battambang,http://zhuanti.hanban.org/videolist/?cat=670&tag=en,yes,Battambang,https://fulcrum.sg/cambodia-embraces-chinas-controversial-confucius-institutes/,12/26/2019,,
Cameroon,Confucius Institute at the University of Yaounde Ⅱ,http://english.hanban.org/node_10903.htm,unlikely,Soa,https://books.google.com/books?id=JmgREAAAQBAJ&pg=PA202&lpg=PA202&dq=Confucius+Institute+at+Toamasina+University&source=bl&ots=jAE614zu17&sig=ACfU3U0TUCcQUg8jRDpSf-OCEvwXvxHZPQ&hl=en&sa=X&ved=2ahUKEwjNlefzs5XyAhUsMlkFHaZABkUQ6AF6BAgLEAM#v=onepage&q=Confucius%20Institute%20at%20Toamasina%20University&f=false,11/9/2007,,
Canada,Confucius Institute at University of Regina,http://www.uregina.ca/international/confucius/index.html,yes,Regina,https://truenorthfareast.com/news/confucius-institute-canada-closing-shut-down,7/3/1905,,
Canada,Confucius Institute at BCIT,http://english.hanban.org/node_8603.htm,no,Burnaby,https://truenorthfareast.com/news/confucius-institute-canada-closing-shut-down,,,
Canada,Confucius Institute in Coquitlam,http://www.internationaled.com/,yes,Coquitlam,https://truenorthfareast.com/news/confucius-institute-canada-closing-shut-down,2/10/2009,,
Canada,Confucius Institute in Waterloo,https://uwaterloo.ca/renison/confucius-institute,yes,Waterloo,https://truenorthfareast.com/news/confucius-institute-canada-closing-shut-down,12/7/2015,,
Canada,Confucius Institute in Quebec,http://www.confuciusinstitute.qc.ca/,yes,Westmount,,,,
Canada,Confucius Institute in New Brunswick,http://www.cinb.ca/,no,,"https://truenorthfareast.com/news/confucius-institute-canada-closing-shut-down

https://www.theepochtimes.com/canadian-province-to-shut-down-chinas-confucius-institute_2811723.html",6/29/1905,,
Canada,Confucius Institute in Edmonton,http://www.confuciusedmonton.ca/,probably,Edmonton,https://truenorthfareast.com/news/confucius-institute-canada-closing-shut-down,6/30/1905,,
Canada,Confucius Institute at Brock University,http://www.brocku.ca/confucius-institute,no,St. Catharines,https://brocku.ca/brock-news/2020/05/brock-and-ci-winding-up-operations/,7/2/1905,,
Canada,Confucius Institute at Carleton University,http://www.carleton.ca/confucius-institute/,probably,Ottawa,https://truenorthfareast.com/news/confucius-institute-canada-closing-shut-down,7/4/1905,,
Canada,Confucius Institute at Saint Mary’s University,http://www.smu.ca/ci,yes,Halifax,https://truenorthfareast.com/news/confucius-institute-canada-closing-shut-down,10/25/2010,,
Canada,Confucius Institute at Seneca College,http://www.senecacollege.ca/confucius-institute/,yes,Toronto,https://truenorthfareast.com/news/confucius-institute-canada-closing-shut-down,12/24/2011,,
Canada,Confucius Institute at University of Saskatchewan,http://confuciusinstitute.usask.ca/,yes,Saskatoon,https://truenorthfareast.com/news/confucius-institute-canada-closing-shut-down,6/18/2012,,
Cape Verde,Confucius Institute at University of Cabo Verde,http://english.hanban.org/node_45672.htm,yes,Praia,https://english.gdufs.edu.cn/info/1042/2397.htm,12/18/2015,,
Central African Republic,Confucius Institute at University of Bangui,http://zhuanti.hanban.org/videolist/?cat=767&tag=en,probably,Bangui,https://www.scirp.org/journal/paperinformation.aspx?paperid=106287,11/16/2020,,
Chad,Confucius Institute at University of N’Djamena,http://zhuanti.hanban.org/videolist/?cat=768&tag=en,yes,N'Djamena,https://www.facebook.com/Icundj/,,,
Chile,Confucius Institute at University of Saint Thomas,http://www.confucioust.cl/,yes,Santiago,,4/28/2008,,
Chile,Confucius Institute at Catholic University,http://www.uc.cl/confuciouc,yes,Santiago,,7/1/1905,,
Chile,Confucius Institute at the University of La Frontera,http://zhuanti.hanban.org/videolist/?cat=794&tag=en,yes,Temuco,,12/10/2020,,
Colombia,Confucius Institute in Medellin,http://www.institutoconfuciomedellin.org/,yes,Medellín,,4/30/2010,,
Colombia,Confucius Institute at the University of Los Andes,http://confucio.uniandes.edu.co/,yes,Bogotá,,11/2/2007,,
Colombia,Confucius Institute at Jorge Tadeo Lozano University,http://www.utadeo.edu.co/es,yes,Bogotá,,10/29/2012,,
Comores,Confucius Institute at University of Comoros,http://english.hanban.org/node_42048.htm,probably,Mvouni,"https://www.unipage.net/en/24658/university_of_the_comoros

https://www.youtube.com/watch?v=IZ-AO9HpZls",7/10/1905,,
Congo,Confucius Institute at University of Marien NGOUABI,http://www.ku.ac.ke/,probably,Brazzaville,"https://www.ujn.edu.cn/en/info/1022/1045.htm

https://www.umng.cg/?q=en/node/74

https://m.cucas.cn/mobile_news/detail?id=6416",6/15/2012,,
Costa Rica,Confucius Institute at the University of Costa Rica,http://institutoconfucio.ucr.ac.cr/,yes,San José,https://thecostaricanews.com/mandarin-education-opens-the-doors-of-international-study-to-ticos/,11/17/2008,,
Croatia,Confucius Institute at University of Zagreb,http://www.ki.unizg.hr/,probably,Zagreb,"https://www.youtube.com/user/konfucijevinstitut
https://www.facebook.com/KonfucijevInstitut.UNIZG/

https://culture360.asef.org/resources/confucius-institute-university-zagreb/",,,
Cuba,Confucius Institute at the University of Havana,http://english.hanban.org/node_8692.htm,probably,Havana,"http://www.xinhuanet.com/english/2019-11/24/c_138579960.htm

http://english.www.gov.cn/news/international_exchanges/2016/09/25/content_281475451216868.htm",11/30/2009,,
Cyprus,Confucius Institute at University of Cyprus,http://english.hanban.org/node_42917.htm,yes,Nicosia,"https://www.ucy.ac.cy/confucius/en/

https://www.facebook.com/UCYConfuciusInstitute/",,,
Czech Republic,Confucius Institute at Palacký University,http://www.konfucius.upol.cz/,yes,Olomouc,,9/27/2007,,
Czech Republic,Confucius Institute at University of Finance and Administration,http://zhuanti.hanban.org/videolist/?cat=721&tag=en,yes,Prague,https://www.konfucius-vsfs.cz/,11/1/2018,,
Denmark,Confucius Institute at the Royal Danish Academy of Music,http://www.dkdm.dk/,no,Frederiksberg,https://english.dkdm.dk/Confucius-Institute/About-MCI,7/4/1905,,
Denmark,Confucius Institute at International Business Academy,http://www.iba.dk/fuldtidsuddannelser/confucius-classroom,probably,Kolding,,10/28/2015,,
Democratic People’s Republic of Korea,Chinese Language Center at Pyongyang University of Foreign Studies,http://zhuanti.hanban.org/videolist/?cat=763&tag=en,probably,Pyongyang,https://www.globaltimes.cn/content/1149588.shtml,5/7/2019,,
Ecuador,Confucius Institute at San Francisco University of Quito,http://www.usfq.edu.ec/sobre_la_usfq/servicios/instituto_confucio/Paginas/default.aspx,yes,Quito,"https://www.facebook.com/iconfucioecuador/

https://www.cup.edu.cn/english/Collaboration/Confucius/index.htm",12/1/2010,,
Egypt,Confucius Institute at Cairo University,http://english.hanban.org/node_10892.htm,yes,Giza,"https://cu.edu.eg/Cairo-University-News-12417.html
https://www.facebook.com/cu.edu.eg/posts/confucius-institute-at-cairo-university-organizes-eighth-tournament-of-chinese-l/1800105403363953/
https://newsen.pku.edu.cn/news_events/news/global/10734.htm",,,
Egypt,Confucius Institute at Suez Canal University,http://suez.edu.eg/,yes,Ismailia,https://www.fmprc.gov.cn/zfhzlt2018/eng/zfgx_4/rwjl/t1763430.htm,4/1/2008,,
El Salvador,Confucius Institute at the University of El Salvador,http://zhuanti.hanban.org/videolist/?cat=686&tag=en,yes,San Salvador,https://latinoamerica21.com/en/despite-u-s-pressure-chinas-presence-in-central-america-is-growing/,11/1/2019,,
Equatorial Guinea,Confucius Institute at National University of Equatorial Guinea,http://www.unge.education/,yes,Malabo,http://ci.zjnu.edu.cn/2018/0125/c10132a235132/page.htm,1/25/2016,,
Eritrea,Confucius Institute at National Board for Higher Education,http://english.hanban.org/node_42044.htm,unlikely,,https://shabait.com/2013/06/06/confucius-institute-opens-in-asmara/,6/6/2013,,
Estonia,Confucius Institute at Tallinn University,http://www.tlu.ee/konfutsius,yes,Tallinn,https://www.tlu.ee/chinese-bridge-voistlus,2/16/2010,,
Ethiopia,Confucius Institute at Technical & Vocational Education and Training Institute of Ethiopia,http://english.hanban.org/node_10957.htm,unlikely,Addis Ababa,https://www.facebook.com/102366064565066/posts/confucius-classroom-at-arsi-universityrecommended-articles-and-deeds-from-outsta/129365968531742/,,,
Ethiopia,Confucius Institute at Addis Ababa University,http://english.hanban.org/node_42037.htm,yes,Addis Ababa,http://www.xinhuanet.com/english/africa/2021-06/25/c_1310028114.htm,,9.0454777,38.7606751
Fiji,Confucius Institute at the University of the South Pacific,http://www.usp.ac.fj/,probably,Suva,,7/4/1905,,
Finland,Confucius Institute at the University of Helsinki,https://www.helsinki.fi/en/networks/confucius-institute,yes,Helsinki,,6/29/1905,,
France,Confucius Institute at the University of Poitiers,http://ic-up.org/,yes,Poitiers,https://www.ic-up.org/ICUP,10/1/2005,,
France,Confucius Institute at Paris Diderot University,http://konfuzius-institut.uni-graz.at/de/,yes,Paris,http://confucius.univ-paris7.fr/,,,
France,Confucius Institute of the Chinese Cultural Center in Paris,http://konfuzius-institut.uni-graz.at/de/,probably,Paris,https://books.google.com/books?id=JtPkDwAAQBAJ&pg=PA124&lpg=PA124&dq=Confucius+Institute+of+the+Chinese+Cultural+Center+in+Paris&source=bl&ots=JarF9H9SwG&sig=ACfU3U17hQaSo2KrB_EttdAmJTlrxjhzLA&hl=en&sa=X&ved=2ahUKEwja0o6Q9oPyAhUBlGoFHd2BDQMQ6AEwEXoECCoQAw#v=onepage&q=Confucius%20Institute%20of%20the%20Chinese%20Cultural%20Center%20in%20Paris&f=false,,,
France,Confucius Institute in Brittany,http://english.hanban.org/node_9165.htm,yes,Rennes,https://www.confucius-bretagne.org/,,,
France,Confucius Institute in La Rochelle,https://institut-confucius.univ-larochelle.fr/,yes,La Rochelle,,,,
France,Confucius Institute in Alsace,http://english.hanban.org/node_9163.htm,yes,Strasbourg,https://www.confuciusalsace.org/,9/15/2010,,
France,Confucius Institute in Clermont-Ferrand,http://www.confucius-clermont-auvergne.org/,yes,Clermont-Ferrand,,12/11/2007,,
France,Confucius Institute in Artois,http://www.univ-artois.fr/en/node/56,yes,Arras,,8/23/2008,,
France,Confucius Institute at Pays de la Loire,http://www.confucius-angers.eu/,yes,Angers,,11/1/2009,,
France,Confucius Institute at University of Lorraine,http://www.univ-lorraine.fr/content/institut-confucius,yes,Metz,https://www.univ-lorraine.fr/institut-confucius/,7/4/1905,,
France,Confucius Institute at University of French Polynesia,http://www.upf.pf/fr/content/linstitut-confucius,probably,Faaa,http://www.upf.pf/fr/linstitut-confucius,1/15/2013,,
France,Confucius Institute in Montpellier,http://institut-confucius-montpellier.org/,yes,Montpellier,,4/26/2013,,
France,Confucius Institute of Reunion Island,http://icr.fr.chinesecio.com/,yes,"Saint-Denis, Réunion",https://confucius.univ-reunion.fr/,2/8/2010,,
France,Neoma Confucius Institute for Business-Rouen,http://confucius.neoma-bs.fr/,yes,Mont-Saint-Aignan,https://www.facebook.com/NEOMACONFUCIUSINSTITUTEFORBUSINESS/,,,
France,Confucius Institute Cote d ‘Azur,http://english.hanban.org/node_45700.htm,probably,Nice,http://etudiants.nice.fr/Institut-Confucius-Cote-d-Azur.html,,,
France,Confucius Institute at ESCP Europe,http://zhuanti.hanban.org/videolist/?cat=432&tag=en,yes,Paris,https://ebci.eu/,5/13/2019,,
France,Confucius Institute at University of Orleans,http://zhuanti.hanban.org/videolist/?cat=719&tag=en,probably,Orléans,https://intl.csu.edu.cn/info/1026/1065.htm,7/8/2019,,
France,Confucius Institute at Pau,https://www.icpp.fr/,yes,Pau,,,,
Gabon,Confucius Institute at Omar Bongo University,http://zhuanti.hanban.org/videolist/?cat=675&tag=en,probably,Libreville,"https://www.scirp.org/pdf/OJPS_2019091914254324.pdf

https://www.gabonreview.com/cooperation-gabon-chine-linstitut-confucius-ouvre-ses-portes-a-luob/",12/18/2018,,
Gambia,Confucius Institute at University of the Gambia,http://zhuanti.hanban.org/videolist/?cat=674&tag=en,probably,Serekunda,https://www.utg.edu.gm/vice-chancellors-convocation-address/,10/15/2019,,
Georgia,Confucius Institute at Free University of Tbilisi,http://www.confucius.freeuni.edu.ge/,yes,Tbilisi,"https://www.facebook.com/Confucius-Institute-at-Free-University-of-Tbilisi-Georgia-163361037013560/

https://nsf.com.ge/en/news/234/the-prospect-of-confucius-institute-in-georgia",11/26/2010,,
Georgia,Confucius Institute at Tbilisi Open Teaching University,http://zhuanti.hanban.org/videolist/?cat=379&tag=en,yes,Tbilisi,"http://faoffice.lzu.edu.cn/hdmbi/bas/col_detail.php?id=1040

https://nsf.com.ge/en/news/234/the-prospect-of-confucius-institute-in-georgia",11/16/2017,,
,,,,,,,,
Germany,Confucius Institute at the Free University of Berlin,http://www.konfuziusinstitut-berlin.de/,yes,Berlin,,4/27/2006,,
Germany,Confucius Institute at the University of Duesseldorf,http://www.konfuzius-duesseldorf.de/,yes,Dusseldorf,https://www.nspirement.com/2020/08/23/germany-has-turned-against-its-confucius-institutes.html,6/28/1905,,
Germany,Confucius Institute in Nürnberg-Erlangen,https://www.konfuzius-institut.de/,yes,Erlangen,,5/2/2006,,
Germany,Confucius Institute at Frankfurt University,http://www.konfuzius-institut-frankfurt.de/,yes,Frankfurt,https://www.konfuzius-institut.de/veranstaltungsprogramm/veranstaltungsvorschau/event/2078-5.html,9/1/2007,,
Germany,Confucius Institute at Heidelberg University,http://www.konfuzius-institut-heidelberg.de/,yes,Heidelberg,https://www.konfuzius-institut.de/veranstaltungsprogramm/veranstaltungsvorschau/event/2078-5.html,7/1/1905,,
Germany,Confucius Institute at the University of Hamburg,http://www.konfuzius-institut-hamburg.de/,yes,Hamburg,https://www.nspirement.com/2020/08/23/germany-has-turned-against-its-confucius-institutes.html,9/20/2007,,
Germany,Leibniz-Confucius Institute Hannover,http://lkih.de/,yes,Hannover,,6/28/2016,,
Germany,Confucius Institute at the University of Leipzig,http://www.konfuziusinstitut-leipzig.de/,yes,Leipzig,https://www.konfuzius-institut.de/veranstaltungsprogramm/veranstaltungsvorschau/event/2078-5.html,4/18/2008,,
Germany,Confucius Institute in Munich,http://www.konfuzius-muenchen.de/,yes,Munich,https://www.konfuzius-institut.de/veranstaltungsprogramm/veranstaltungsvorschau/event/2078-5.html,9/1/2012,,
Germany,Confucius Institute in Bremen,http://www.konfuzius-institut-bremen.de/,yes,Bremen,https://www.konfuzius-institut.de/veranstaltungsprogramm/veranstaltungsvorschau/event/2078-5.html,10/23/2013,,
Germany,Confucius Institute Metropole Ruhr at the University of Duisburg-Essen,http://www.konfuzius-institut-ruhr.de/,yes,Duisburg,,11/6/2009,,
Germany,Confucius Institute at Erfurt University of Applied Sciences,http://www.ki-erfurt.de/,yes,Erfurt,https://www.konfuzius-institut.de/veranstaltungsprogramm/veranstaltungsvorschau/event/2078-5.html,,,
Germany,Confucius Institute at the University of Freiburg,https://www.ki-freiburg.de/,yes,Freiburg,https://www.konfuzius-institut.de/veranstaltungsprogramm/veranstaltungsvorschau/event/2078-5.html,6/9/2009,,
Germany,Confucius Institute at Trier University,http://www.konfuziusinstitut.uni-trier.de/,yes,Trier,,6/14/2011,,
Germany,Confucius Institute at University of Paderborn,http://konfuzius-paderborn.de/,yes,Paderborn,,6/1/2015,,
Germany,Academic Confucius Institute at University of Gottingen,http://english.hanban.org/node_42903.htm,probably,Göttingen,"https://sciencebusiness.net/technology-strategy-board/news/universities-wrestle-question-how-open-be-china
https://www.fu-berlin.de/en/featured-stories/campus/2021/210107-wissenschaftskooperationen-interview/index.html",7/2/2014,,
Germany,Confucius Institute at Fachhochschule Stralsund University of Applied Sciences,http://english.hanban.org/node_45694.htm,yes,Stralsund,http://www.hfuu.edu.cn/english/56/c3/c6092a87747/page.htm,8/30/2016,,
Germany,Audi Ingolstadt Confucius Institute,http://audi-konfuzius-institut-ingolstadt.de/,yes,Ingolstadt,"https://www.facebook.com/audikonfuziusinstitutingolstadt/
https://www.theepochtimes.com/german-politicians-call-to-stop-funding-confucius-institutes-with-german-taxpayers-money_3795697.html",5/23/2016,,
Germany,Confucius Institute Bonn,http://www.konfuzius-bonn.de/,yes,Bonn,https://konfuzius-bonn.de/termine/schnupperkurse/,4/26/2017,,
Ghana,Confucius Institute at the University of Ghana,http://english.hanban.org/node_42047.htm,yes,Accra,"https://www.facebook.com/ConfuciusInstituteattheUniversityofGhana/
http://gh.china-embassy.org/eng/zjgx/t177920.htm
http://www.xinhuanet.com/english/2020-07/08/c_139197913.htm",5/1/2013,,
Ghana,Confucius Institute at the University of Cape Coast,http://english.hanban.org/node_45664.htm,yes,Cape Coast,https://www.facebook.com/Confucius-Institute-at-University-of-Cape-Coast-121849225138873/,6/2/2016,,
Greece,Business Confucius Institute in Athens,http://www.confucius.aueb.gr/,yes,Athens,,7/1/1905,,
Greece,Confucius Institute at Aristotle University of Thessaloniki,http://zhuanti.hanban.org/videolist/?cat=725&tag=en,yes,Thessaloniki,https://www.facebook.com/Confucius-Institute-at-AUTh-102494767975707/,12/20/2018,,
Greece,Confucius Institute at University of Thessaly,http://zhuanti.hanban.org/videolist/?cat=797&tag=en,yes,Volos,"https://www.facebook.com/UTH.CONFUCIUS/
https://www.portseurope.com/president-xi-jinping-sees-agreement-exchange-ceremony-of-establishment-of-confucius-institute-at-university-of-thessaly/",11/11/2019,,
Guinea,Confucius Institute at Gamal Abdel Nasser University of Conakry,http://zhuanti.hanban.org/videolist/?cat=672&tag=en,probably,Conakry,https://www.facebook.com/Institut-Confucius-UGANC-102342384458994/,8/9/2019,,
Guyana,Confucius Institute at the University of Guyana,http://ciug.uog.edu.gy/,yes,Georgetown,https://m.facebook.com/guyanaciug/?ref=page_internal&mt_nav=0,5/19/2014,,
Hong Kong,Confucius Institute of Hong Kong,http://www.ci-ntu.com/,yes,Kowloon,,6/28/1905,,
Hungary,Confucius Institute at Eötvös Loránd University,http://www.konfuciuszintezet.hu/,yes,Budapest,https://www.konfuciuszintezet.hu/index.php?menu=elerhetosegunk&almenu=bemutatkozas,12/7/2006,,
Hungary,Confucius Institute at University of Szeged,http://www.konfuciuszintezet.u-szeged.hu/,yes,Szeged,,8/1/2012,,
Hungary,Confucius Institute at University of Miskolc,http://konfuciusz.uni-miskolc.hu/index.php/HU/,yes,Miskolc ,,8/1/2013,,
Hungary,Confucius Institute for Traditional Chinese Medicine at University of Pecs,http://konfuciusz.etk.pte.hu/,yes,Pécs,http://en.people.cn/n3/2019/1120/c90000-9634079.html,3/27/2015,,
Hungary,Confucius Institute at University of Debrecen,https://konfuciusz.unideb.hu/,yes,Debrecen,https://www.globaltimes.cn/content/1170291.shtml,11/15/2019,,
Iceland,Northern Light Confucius Institute,http://www.hi.is/,yes,Reykjavík,"https://konfusius.is/
https://english.hi.is/news/a_new_contract_on_northern_light",5/1/2008,,
India,Confucius Institute at University of Mumbai,https://chinese.mu.ac.in/,yes,Mumbai,"https://www.globaltimes.cn/content/1196953.shtml
https://scroll.in/latest/969390/china-asks-india-to-treat-confucius-institutes-teaching-mandarin-in-fair-manner-amid-review",7/18/2013,,
India,Confucius Institute at VIT University,http://www.vit.ac.in/,probably,Tamil Nadu,,4/6/2009,,
India,Chinese Language Teaching Center at Lovely Professional University,http://zhuanti.hanban.org/videolist/?cat=667&tag=en,probably,Jalandhar,https://www.facebook.com/LPUUniversity/posts/lpus-first-chinese-language-classes-are-hereto-teach-students-who-aspire-to-atta/10157600610026590/,7/11/1905,,
India,Taiwan Education Center at O.P. Global University,http://zhuanti.hanban.org/videolist/?cat=668&tag=en,yes,Sonipat,"https://jgu.edu.in/jsia/taiwan-education-centre/
https://www.facebook.com/TECJGU/",8/1/2011,,
India,School of Chinese Language in Kolkata,,unlikely,Kolkata,https://www.zhongwen.in/introduction.html,7/16/2008,,
India,Bharathiar University,,unlikely,Coimbatore,https://www.outlookindia.com/newswire/story/confucius-centre-in-bharathiar-varsity/558321,,,
India,"KR Mangalam University, Gurugram",,unlikely,,,8/12/2019,,
India,Taiwan Education Center (TEC) at Chitkara University,,maybe,,"https://www.roc-taiwan.org/in_en/post/4236.html
https://www.chitkara.edu.in/news/taiwan-education-center-inaugurated-at-chitkara-university-punjab/",12/12/2019,,
Indonesia,Mandarin Language Center (PBM) at University of Al Azhar Indonesia,,yes,Jakarta,"https://china.uai.ac.id/
https://pdfs.semanticscholar.org/8287/c37882d1bc1725f119dda006cc32e28e12f0.pdf",7/2/1905,,
Indonesia,Pusat Bahasa Mandarin at Universitas Negeri Malang,,yes,Malang,"http://oia.um.ac.id/chinesecourse2021/
https://pdfs.semanticscholar.org/8287/c37882d1bc1725f119dda006cc32e28e12f0.pdf",7/2/1905,,
Indonesia,Pusat Bahasa Mandarin at Maranatha Christian University,http://www.maranatha.edu/,yes,Bandung,"https://pdfs.semanticscholar.org/8287/c37882d1bc1725f119dda006cc32e28e12f0.pdf
https://www.facebook.com/pbm.maranatha/
https://indonesiaatmelbourne.unimelb.edu.au/chinas-confucius-institutes-in-indonesia-walking-a-fine-line/",7/2/1905,,
Indonesia,Pusat Bahasa Mandarin at Universitas Negeri Surabaya,http://www.unesa.ac.id/,yes,Surabaya,https://republika.co.id/berita/165423/unhasuniversitas-nanchang-dirikan-pusat-bahasa-mandirin,5/19/2011,,
Indonesia,Pusat Bahasa Mandarin at Tanjungpura University,http://www.untan.ac.id/,maybe,Pontianak,"https://pdfs.semanticscholar.org/8287/c37882d1bc1725f119dda006cc32e28e12f0.pdf
https://www.kalimantan-news.com/untan-universitas-guangxi-dirikan-pusat-bahasa-mandarin/",3/22/2011,,
Indonesia,Pusat Bahasa Mandarin at Hasanuddin University,http://www.unhas.ac.id/,yes,Makassar,"https://pdfs.semanticscholar.org/8287/c37882d1bc1725f119dda006cc32e28e12f0.pdf
https://indonesiaatmelbourne.unimelb.edu.au/chinas-confucius-institutes-in-indonesia-walking-a-fine-line/
http://ilmubudaya.unhas.ac.id/mandarin/",2/22/2011,,
Indonesia,Confucius Institute at Universitas Sebelas Maret,http://zhuanti.hanban.org/videolist/?cat=669&tag=en,yes,Surakarta,https://uns.ac.id/en/welcoming-chinese-new-year-confucius-institute-uns-conducts-limited-celebration/,3/11/2019,,
Indonesia,Tourism Confucius Institute at Udayana University,http://zhuanti.hanban.org/videolist/?cat=792&tag=en,yes,Kuta Selatan,,4/8/2021,,
Iran,Confucius Institute at University of Tehran,http://www.ut.ac.ir/,maybe,Tehran,https://ut.ac.ir/en/news/17503/chinese-cultural-attach-meets-with-ut-vice-president-for-international-affairs,1/12/2009,,
Iran,Confucius Institute at the University of Mazandaran,http://zhuanti.hanban.org/videolist/?cat=666&tag=en,unlikely,Babolsar,"http://english.gzhu.edu.cn/info/1025/1847.htm
http://en.umz.ac.ir/index.aspx?siteid=122&fkeyid=&siteid=122&pageid=3028",5/4/2019,,
Ireland,Confucius Institute at University College Cork in Ireland,http://english.hanban.org/node_8814_2.htm,yes,Cork,https://www.ucc.ie/en/asian/confucius/,6/29/1905,,
Ireland,"Confucius Institute at University College Dublin, Ireland",http://english.hanban.org/node_8815.htm,yes,Dublin,https://www.thetimes.co.uk/article/ucd-renews-commitment-to-chinese-confucius-institute-xc8l8gr6z,6/28/1905,,
Ireland,Chinese and Regenerative Medicine Confucius Institute at National University of Ireland Galway,http://zhuanti.hanban.org/videolist/?cat=714&tag=en,maybe,Galway,,2/1/2019,,
Israel,Confucius Institute at Tel Aviv University,http://www.tau.ac.il/,yes,Tel Aviv,https://humanities.tau.ac.il/confucius,5/1/2007,,
Israel,Confucius Institute at Hebrew University of Jerusalem,http://new.huji.ac.il/,maybe,Jerusalem,https://savethewest.com/op-ed-how-does-israels-relationship-with-china-differ-from-americas/,5/20/2014,,
Italy,Confucius Institute at Sapienza University of Rome,http://it-uniroma1-confuciusinstitute.it.chinesecio.com/,yes,Rome,https://www.globaltimes.cn/content/1183021.shtml,9/29/2006,,
Italy,Confucius Institute at Oriental University of Napoli,http://www.confucio.unior.it/,yes,Naples,"http://english.sina.com/china/1/2007/1220/137974.html
https://www.istitutoconfucio.it/",12/20/2007,,
Italy,Confucius Institute in Pisa,http://www.confuciopisa.sssup.it/,yes,Pisa,"http://www.china.org.cn/learning_chinese/news/2008-10/24/content_16662520.htm
https://www.santannapisa.it/en/confucius-institute/confucius-institute",10/23/2008,,
Italy,Confucius Institute at University of Turin,http://www.istitutoconfucio.torino.it/,yes,Turin,"http://www.china.org.cn/learning_chinese/news/2008-10/24/content_16662520.htm
https://istitutoconfucio.torino.it/",10/22/2008,,
Italy,Confucius Institute at the University of Bologna,http://www.istitutoconfucio.unibo.it/,yes,Bologna,https://site.unibo.it/istitutoconfucio/en,5/2/2009,,
Italy,Confucius Institute at the University of Florence,http://www.istitutoconfucio.unifi.it/,yes,Florence,https://www.istitutoconfucio.unifi.it/,3/31/2014,,
Italy,Confucius Institute at Ca’ Foscari University of Venice,http://www.confuciovenezia.it/,maybe,Venice,"https://www.unive.it/pag/31587
http://chinesestudies.eu/?page_id=1311
http://www.iuav.it/INTERNATIO/STUDENT-LI/news/2021/Iuav-parti/index.htm",9/22/2008,,
Italy,Confucius Institute at the University of Padova,http://www.unipd-org.it/istitutoconfucio,yes,Padova,https://www.istitutoconfuciopadova.it/new/,4/3/2009,,
Italy,Confucius Institute at the University of Milan,http://it-unimi-confuciusinstitute.it.chinesecio.com/,yes,Milan,https://www.istitutoconfucio.unimi.it/,7/1/1905,,
Italy,Confucius Institute at Catholic University of the Sacred Heart,,yes,Milan,https://istitutoconfucio.unicatt.it/,7/1/1905,,
Italy,Confucius Institute at University of Macerata,http://www.confucio.unimc.it/,yes,Macerata,http://confucio.unimc.it/it/istituto,10/4/2011,,
Italy,Confucius Institute at University of Enna “Kore”,http://istitutoconfucio.unikore.it/,yes,Enna,"https://istitutoconfucio.unikore.it/
https://istitutoconfucio.unikore.it/index.php/2017/01/12/inauguration-of-the-confucius-institute-enna/",10/25/2016,,
Ivory Coast,Confucius Institute at University of Felix Houphouette Boigny,,yes,Côte d'Ivoire,,7/7/1905,,
Jamaica,"Confucius Institute at the University of the West Indies, Mona Campus",http://www.hanban.org/confuciousinstitutes/node_6683.htm,yes,Kingston,http://ices.tyut.edu.cn/info/1075/2913.htm,7/19/2010,,
Japan,Confucius Institute at Ritsumeikan,http://www.ritsumei.ac.jp/confucius/,yes,Kyoto,https://tfiglobalnews.com/2021/06/07/japan-is-shutting-down-chinas-confucius-institutes-for-preaching-pro-ccp-propaganda/,6/28/2005,,
Japan,Confucius Institute at J. F. Oberlin University,http://www.obirin.ac.jp/kongzi/,yes,Machida,,6/28/1905,,
Japan,Confucius Institute at Hokuriku University,http://extension.hokuriku-u.ac.jp/koushi/,yes,Kanazawa,https://iec.hokuriku-u.ac.jp/en/26.html,4/4/2006,,
Japan,Confucius Institute at Aichi University,http://extension.aichi-u.ac.jp/koushi/,maybe,Ishikawa ,"http://extension.aichi-u.ac.jp/koushi/info/Com0000370.html
http://extension.aichi-u.ac.jp/koushi/info/Com0000370.html",2/24/2006,,
Japan,Confucius Institute at Sapporo University,http://www.sapporo-koshi.jp/,yes,Sapporo,http://www.sapporo-koshi.jp/,8/3/2006,,
Japan,Confucius Institute at Ritsumeikan Asia Pacific University,http://apu-confucius.com/,yes,Beppu,"https://en.apu.ac.jp/home/society/content9/
http://apu-confucius.com/",10/25/2006,,
Japan,Chinese Medicine Confucius Institute at Hyogo College of Medicine,http://www.corp.hyo-med.ac.jp/confucius.html,yes,Nishinomiya,"https://www.corp.hyo-med.ac.jp/confucius.html
https://m.cucas.cn/mobile_news/detail?id=6062",12/10/2012,,
Japan,Confucius Institute at Waseda University,http://english.hanban.org/node_10746.htm,yes,Tokyo,https://waseda-wci.jp/,4/12/2007,,
Japan,Confucius Institute at Okayama Shoka University,http://www.osu.ac.jp/koushi/,yes,Okayama,https://okayama-koushi.com/,11/25/2007,,
Japan,Confucius Institute at Osaka Sangyo University,http://www.osu-confucius.jp/,unlikely,Daito,"http://www.osu-confucius.jp/about_confusius/index.html
https://www.coha.org/big-dragon-on-campus-chinas-soft-power-play-in-academia/",11/26/2007,,
Japan,Confucius Institute at Fukuyama University,http://www.ateneoconfucius.com/,maybe,Fukuyama,http://english.scnu.edu.cn/a/20200104/305.html,11/16/2007,,
Japan,Confucius Institute at Kogakuin University,http://cik.kogakuin.ac.jp/,no,,,1/22/2008,,
Japan,Confucius Institute at Kansai Gaidai University,http://www.kansaigaidai.ac.jp/special/confucius/,yes,Hirakata,https://www.kansaigaidai.ac.jp/special/confucius/,9/22/2009,,
Japan,Confucius Institute at Musashino University,http://www.musashino-u.ac.jp/confucius/,yes,Nishitokyo,,4/1/2016,,
Japan,Confucius Institute at Yamanashi Gakuin University,http://zhuanti.hanban.org/videolist/?cat=665&tag=en,yes,Kofu,https://www.ygu.ac.jp/confucius/,5/12/2019,,
Jordan,Amman TAG-Confucius Institute,http://www.tagconfucius.com/,yes,Amman,,9/1/2008,,
Jordan,Confucius Institute at Philadelphia University,http://english.hanban.org/node_37491.htm,maybe,Amman,"https://www.philadelphia.edu.jo/centers/confucius/
https://www.philadelphia.edu.jo/ar/news/2024-2021-06-28-10-15-00",9/16/2012,,
Kazakhstan,Confucius Institute at L. N. Gumilyov Eurasian National University,http://english.hanban.org/node_10804.htm,unlikely,Astana,"https://www.synergymediaspecialists.com/l-n-gumilyov-eurasian-national-university-the-center-of-eurasian-ideas/
https://ff.enu.kz/subpage/kafedra-kitajskoj-filologii
https://www.enu.kz/en/info/news/56924/?sphrase_id=2931100",12/1/2007,,
Kazakhstan,Confucius Institute at Kazakh National University,http://english.hanban.org/node_10803.htm,maybe,Almaty,http://faoffice.lzu.edu.cn/col_express/202007/189DA061A418BB8E751A1E732ABB726F.htm,2/23/2009,,
Kazakhstan,Confucius Institute at K. Zhubanov Aktobe Regional State University,http://english.hanban.org/node_37912.htm,unlikely,Aktobe,"http://zhubanov.edu.kz/en/pages/international-cooperation/international-cooperation.php
http://kongziyjy.org/plus/view.php?aid=1461",,,
Kazakhstan,Confucius Institute at Karaganda State Technical University,http://english.hanban.org/node_42166.htm,yes,Karaganda,http://zh-hant.kstu.kz/,11/27/2012,,
Kazakhstan,Confucius Institute at Kazakh Ablai Khan University of International Relations and World Languages,http://www.ablaikhan.kz/,maybe,Almaty,https://www.ablaikhan.kz/en/component/content/article/60-root-category-english-articles/news/university/1038-center-for-confucius-on-the-basis-of-kazakh-ablai-khan-university-of-international-relations-and-world-languages.html,4/24/2017,,
Kenya,Confucius Institute at the University of Nairobi,http://www.uonbi.ac.ke/,yes,Nairobi,https://confucius.uonbi.ac.ke/,12/19/2005,,
Kenya,Confucius Institute at Kenyatta University,http://www.ku.ac.ke/,yes,Nairobi,http://confucius.ku.ac.ke/,12/1/2008,,
Kenya,Confucius Institute at Egerton University,http://www.egerton.ac.ke/,yes,Njoro,"https://www.egerton.ac.ke/confucius-institute
http://coieen.njau.edu.cn/Confucius_Institute.htm",7/1/2012,,
Kenya,Confucius Institute at Moi University,http://english.hanban.org/node_44733.htm,yes,Nairobi,https://www.mu.ac.ke/index.php/en/about-moi-university/global-collaborations-and-linkages.html,1/30/2015,,
South Korea,Confucius Institute at Woosuk University,http://english.hanban.org/node_10825.htm,maybe,Jeonju ,https://onekoreanetwork.com/2020/09/22/confucius-institute-part-2/,2/1/2009,,
South Korea,Confucius Institute at Cheju Halla College,http://www.halla-c.ac.kr/main.html,maybe,Jeju City,https://www.chu.ac.kr/xboard/view.php?cms=&board_id=bWFpbl9lbmdfbm4=&sel_type=1&s_t=&s_w=&s_c=&key=&keyword=confucius&p=3&category=&no=335,4/1/2009,,
South Korea,Confucius Institute at the University of Incheon,http://www.inu.ac.kr/user/indexMain.do?siteId=ciui,yes,Incheon,http://www.inu.ac.kr/user/indexMain.do?siteId=ciui,8/28/2009,,
South Korea,Confucius Institute in Seoul,http://www.cis.or.kr/,maybe,,,11/21/2004,,
South Korea,Confucius Institute at Woosong University,http://gongja.wsu.ac.kr/,yes,Daejeon,https://gongja.wsu.ac.kr:444/main/index.jsp,11/2/2006,,
South Korea,Confucius Institute at Yonsei University,http://kongzi.yonsei.ac.kr/,yes,Seoul,,9/1/2013,,
South Korea,Confucius Institute at Chungnam National University,http://www.cicnu.ac.kr/,yes,Daejeon,https://www.cicnu.ac.kr/bbs/board.php?bo_table=notice,4/1/2007,,
South Korea,Confucius Institute at Dong-A University,http://www.gongja.ac/,???,Busan,,12/1/2006,,
South Korea,Confucius Institute at Dongseo University,http://www.dsuci.ac.kr/,yes,Busan,http://www.dongseo.ac.kr/kr/index.php?pCode=MN2000197&mode=view&idx=83911,4/1/2007,,
South Korea,Confucius Institute at Honam University,http://gongja.honam.ac.kr/,yes,Gwangju,,12/1/2006,,
South Korea,Confucius Institute at Chungbuk National University,http://gongja.cbnu.ac.kr/,yes,Cheongju,,9/1/2006,,
South Korea,Confucius Institute at Kangwon National University,http://english.hanban.org/node_10814.htm,yes,Samcheok,http://www.kangwon.ac.kr/english/selectBbsNttView.do?key=1982&bbsNo=342&nttNo=138277,4/1/2007,,
South Korea,Confucius Institute at Keimyung University,http://www.kongzi.ac.kr/,yes,Daegu,,6/27/2007,,
South Korea,Confucius Institute at Sehan University,http://english.hanban.org/node_10812.htm,maybe,Yeongam,http://eng.sehan.ac.kr/?page_id=37,11/22/2007,,
South Korea,Confucius Institute at Andong National university,http://kongzi.andong.ac.kr/,unlikely,Andong,"https://www.andong.ac.kr/main/html.do?menu_idx=216
http://kongzi.andong.ac.kr/",9/1/2012,,
South Korea,Confucius Institute at Soon Chun Hyang University,http://english.hanban.org/node_10811.htm,maybe,Asan,"https://labs.sch.ac.kr/department/china.php
https://labs.sch.ac.kr/bbs/bbs/board.php?bo_table=chinaNews&wr_id=15",9/28/2007,,
South Korea,Confucius Institute at Daejin University,http://www.daejin-c.org/index.php,maybe,Pocheon,"https://sacbu.com/university/hrbnu/lecture-chinese-colors
https://sacbu.com/university/hrbnu/chinese-film-festival",1/14/2008,,
South Korea,Confucius Institute at Hankuk University of Foreign Studies,http://gongja.ac.kr/,yes,Seoul,https://www.gongja.ac.kr/html/05community_01notice.php,10/1/2009,,
South Korea,Confucius Institute at Kyung Hee University,http://confucius.khu.ac.kr/,yes,Yongin,,4/1/2011,,
South Korea,Confucius Institute at Wonkwang University,http://confucius.wku.ac.kr/,yes,Iksan,,9/1/2014,,
South Korea,Confucius Institute at Semyung University,http://www.semyung.ac.kr/,yes,Jecheon,http://kongzi.semyung.ac.kr/,3/18/2015,,
South Korea,Confucius Institute at Hanyang University,http://www.hanyang.ac.kr/,yes,Seoul,https://kongzi.hanyang.ac.kr/,11/1/2015,,
South Korea,Confucius Institute at Jeju National University,http://zhuanti.hanban.org/videolist/?cat=190&tag=en,yes,Jeju City,https://www.jejunu.ac.kr/ara/notice?s%5Bs%5D=subject&s%5Bq%5D=%EA%B3%B5%EC%9E%90%ED%95%99%EC%9B%90&page=1,10/28/2016,,
Kyrgyzstan,Confucius Institute at Bishkek State University,http://www.bhu.kg/home,maybe,Bishkek,http://www.bhu.kg/structure/institutes/confucius-institute,6/15/2008,,
Kyrgyzstan,Confucius Institute at Kyrgyz National University,http://english.hanban.org/node_10797.htm,yes,Bishkek,"https://akipress.com/news:57721:Confucius_Institute_to_open_at_Kyrgyz_National_University_today/
https://www.knu.kg/ky/index.php?searchword=%D0%BA%D0%BE%D0%BD%D1%84%D1%83%D1%86%D0%B8%D0%B9&ordering=&searchphrase=all&Itemid=1&option=com_search",5/14/2009,,
Kyrgyzstan,Kyrgyz-Chinese Faculty at Osh State University,http://www.oshsu.kg/,yes,Osh,"https://www.oshsu.kg/en/page/108
https://oshmed.edu.kg/two-faculties-of-osh-state-university-signed-an-agreement-with-xinjiang-pedagogical-university-of-china/
https://www.facebook.com/oshmed.edu.kg/posts/2848445905201580",2/1/2013,,
Kyrgyzstan,Confucius Institute at Jalal-Abad State University,http://www.jagu.kg/,maybe,Jalal-Abad,http://jagu.kg/view/news/id_news/7,12/26/2016,,
Laos,Confucius Institute at National University of Laos,http://www.nuol.edu.la/,yes,Vientiane,"http://www.xinhuanet.com/english/2020-10/31/c_139481455.htm
https://nuol.edu.la/index.php/%E0%BA%AA%E0%BA%B0%E0%BA%96%E0%BA%B2%E0%BA%9A%E0%BA%B1%E0%BA%99-%E0%BB%81%E0%BA%A5%E0%BA%B0-%E0%BA%AA%E0%BA%B9%E0%BA%99/2020-12-01-04-54-00",10/30/2010,,
Laos,Confucius Institute at Souphanouvong University,http://zhuanti.hanban.org/videolist/?cat=549&tag=en,maybe,Luang Prabang,https://www.su.edu.la/,7/15/2018,,
Latvia,Confucius Institute at University of Latvia,http://cilu.lv.chinesecio.com/,yes,Riga,http://www.ci.lu.lv/?cat=10&lang=en,11/4/2011,,
Lebanon,Confucius Institute at Saint-Joseph University,http://english.hanban.org/node_10794.htm,yes,Beirut,https://ci.usj.edu.lb/,6/28/1905,,
Liberia,Confucius Institute at the University of Liberia,http://english.hanban.org/node_10918.htm,yes,Monrovia,"https://ul.edu.lr/admissions/confucius-institute-university-of-liberia/
https://china.aiddata.org/projects/1661
https://www.facebook.com/Confucius-Institute-at-University-of-Liberia-113582253664745/",12/18/2008,,
Lithuania,Confucius Institute at Vilnius University,http://www.konfucijus.oc.vu.lt/,yes,Vilnius,,7/2/1905,,
Luxembourg,Confucius Institute at the University of Luxembourg,https://confucius-institute.uni.lu/,yes,Luxembourg City,https://wwwen.uni.lu/university/events/opening_of_the_confucius_institute_at_the_university_of_luxembourg,4/29/2018,,
Macedonia,Confucius Institute at SS Cyril and Methodius University,http://cyril.meth.mk.chinesecio.com/,yes,Skopje,"https://www.ucm.sk/en/confucius-institute-at-ucm/
https://e.swufe.edu.cn/INTERNATIONAL/Confucius_Institutes.htm",9/3/2013,,
Macau,Confucius Institute at University of Macau,https://fah.umac.mo/confucius-institute/,yes,Macau,https://ci.um.edu.mo/,4/16/2018,,
Madagascar,Confucius Institute at Antananarivo University,http://english.hanban.org/node_10924.htm,yes,Antananarivo,"https://www.facebook.com/Institut-Confucius-de-lUniversit%C3%A9-dAntananarivo-2111644015571322/
http://www.china.org.cn/english/education/228588.htm",11/13/2008,,
,Confucius Institute at Toamasina University,http://english.hanban.org/node_45163.htm,yes,Toamasina,"https://www.facebook.com/Institut-Confucius-de-lUniversit%C3%A9-de-Toamasina-112033703836796/
https://books.google.com/books?id=JmgREAAAQBAJ&pg=PA202&lpg=PA202&dq=Confucius+Institute+at+Toamasina+University&source=bl&ots=jAE614zu17&sig=ACfU3U0TUCcQUg8jRDpSf-OCEvwXvxHZPQ&hl=en&sa=X&ved=2ahUKEwjNlefzs5XyAhUsMlkFHaZABkUQ6AF6BAgLEAM#v=onepage&q=Confucius%20Institute%20at%20Toamasina%20University&f=false",9/19/2014,,
Malaysia,Kong Zi Institute for the Teaching of Chinese Language at University of Malaya,http://cisegi.my.chinesecio.com/,yes,Kuala Lumpur,https://www.facebook.com/KZIUM/,11/1/2009,,
Malaysia,Confucius Institute at SEGI University,http://english.hanban.org/node_45250.htm,yes,Petaling Jaya,"https://www.facebook.com/Segiconfucius/
https://segiuniversity.edu.my/exciting-programme-planned-for-confucius-institute-at-segi-university/",11/1/2015,,
Malaysia,Confucius Institute at Universiti Malaysia Sabah,http://zhuanti.hanban.org/videolist/?cat=572&tag=en,yes,Kota Kinabalu,"https://www.facebook.com/Confucius-Institute-UMS-108726743828499/
https://www.csust.edu.cn/info/1264/14050.htm
http://web.usm.my/km/39(1)2021/KM39012021_3.pdf",12/12/2019,,
Malaysia,Confucius Institute at Universiti Malaysia Pahang,http://zhuanti.hanban.org/videolist/?cat=573&tag=en,yes,Gambang,"https://ci.ump.edu.my/index.php/en/?fbclid=IwAR0yzAeJD_pP8b7np5Sz2VbCSfcXwt_2y3rgL3N8Life2JT3KeWuLv-jSBo
https://www.facebook.com/100623258174139/posts/ci-ump-hsk-online-chinese-test-chinese-proficiency-test-home-edition-registratio/189079285995202/",10/14/2019,,
Malaysia,Confucius Institute at University College of Technology Sarawak,http://zhuanti.hanban.org/videolist/?cat=788&tag=en,yes,Sibu,https://confuciusinstitute.ucts.edu.my/,12/10/2020,,
Malawi,Confucius Institute at University of Malawi,http://english.hanban.org/node_42051.htm,yes,Zomba,"http://www.ctuas.com/Article/news/id/1472440147
https://twitter.com/at_unima?lang=en",8/12/2016,,
Malta,Confucius Institute at the University of Malta,http://secure.um.edu.mt/confucius,yes,Msida,http://www.independent.com.mt/articles/2009-06-29/news/agreement-for-a-confucius-institute-at-the-university-of-malta-227024/,6/29/2009,,
Maldives,Chinese Language Center at Villa College,http://zhuanti.hanban.org/videolist/?cat=789&tag=en,maybe,Malé,"http://englishwap.hnmmc.cn/c/20170305/504716.shtml
https://www.facebook.com/villacollege.edu.mv/posts/2519150491474234",12/10/2019,,
Mali,Confucius Institute at University of Letters and Human Science of Bamako,http://zhuanti.hanban.org/videolist/?cat=673&tag=en,maybe,Bamako,"http://niarela.net/societe/education-societe/universite-des-lettres-et-des-sciences-humaines-de-bamako-inauguration-de-linstitut-confucius
https://www.dailymotion.com/video/x6ngjdu
https://curiexplore.enseignementsup-recherche.gouv.fr/files/fiches/MLI.pdf",6/30/2018,,
Mauritania,Confucius Institute at Nouakchott University,http://zhuanti.hanban.org/videolist/?cat=678&tag=en,yes,Nouakchott,"https://en.hbu.cn/HeadLines/5885.jhtml
http://oiceen.hbu.cn/NewsCenter/1549.jhtml",6/24/2019,,
Mauritius,Confucius Institute at University of Mauritius,http://zhuanti.hanban.org/videolist/?cat=384&tag=en,yes,Moka,"https://www.uom.ac.mu/confucius/
http://www.mauritiustimes.com/mt/philip-li-ching-hum-11/",12/14/2016,,
Mexico,Confucius Institute in Mexico City Huaxia,http://english.hanban.org/node_8633.htm,yes,Mexico City,"https://www.facebook.com/ciudaddemexico.institutoconfucio.3/
http://www.china.org.cn/learning_chinese/news/2010-10/11/content_21098430.htm
https://www.schoolandcollegelistings.com/MX/Benito-Juarez/1059695734047415/Instituto-Confucio-Ciudad-de-Mexico",1/1/2006,,
Mexico,Confucius Institute at Autonomous University of New Leon,http://english.hanban.org/node_8632.htm,yes,San Nicolás,"http://www.ccl.uanl.mx/instituto-confucio/
https://www.uanl.mx/noticias/celebra-uanl-primera-decada-del-instituto-confucio/
https://www.uanl.mx/eventos/clases-de-chino-mandarin/",11/24/2006,,
Mexico,Confucius Institute at Autonomous University of Yucatan,http://www.uadyglobal.uady.mx/,maybe,Mérida,"http://www.uadyglobal.uady.mx/en/index.php?modulo=contenido&id=143&tempId=238
https://yucatanmagazine.com/more-students-in-merida-learning-mandarin-as-interest-in-china-grows/",6/30/1905,,
Mexico,Confucius Institute at National Autonomous University of Mexico,http://www.uadyglobal.uady.mx/en/index.php?modulo=contenido&id=143&tempId=238,yes,Mexico City,"https://www.facebook.com/institutoconfucioenlaunam2018/?ref=page_internal
https://china.unam.mx/2019/06/21/crece-interes-por-aprender-chino-en-la-unam/
https://enallt.unam.mx/lenguas/cursos-lenguas-centros-extension
http://ciencia.unam.mx/leer/729/en-ciencia-joven-hablar-chino-una-puerta-a-lo-laboral-y-una-experiencia-de-vida",11/12/2008,,
Mexico,Confucius Institute at Autonomous University of Chihuahua,http://www.uach.mx/,yes,Chihuahua,"https://uach.mx/instituto-confucio/
https://www.facebook.com/institutoconfucio.uach
https://www.schoolandcollegelistings.com/MX/Chihuahua/736435929802913/Instituto-Confucio-Uach",6/28/1905,,
Moldova,Confucius Institute at Free International University of Moldova,http://english.hanban.org/node_10619.htm,maybe,Chișinău,"https://www.facebook.com/Confucius-Institute-in-the-Republic-of-Moldova-691897657505796/
http://cci.ulim.md/confucius-institute
https://www.moldpres.md/en/news/2020/01/23/20000571",9/29/2009,,
Mongolia,Confucius Institute at National University of Mongolia,http://num.edu.mn/,yes,Ulaanbaatar,"http://en.people.cn/90001/90782/90873/6402451.html
https://www.facebook.com/profile.php?id=100057483428653
https://news.num.edu.mn/?s=%D0%9A%D2%AF%D0%BD%D0%B7",5/2/2008,,
Mongolia,Confucius Institute at Mongolian State University of Education,http://www.msue.edu.mn/,maybe,Ulaanbaatar,"https://www.pressreader.com/mongolia/the-ub-post/20190826/281522227748660
https://mongol.china.com/news/3639/20160201/564676.html
http://www.elselt.mn/o/148
https://web.msue.edu.mn/Category/Post/6d61b781-148f-40c9-ae30-4dd5c1aa6d2f",7/2/1905,,
Mongolia,Confucius Institute at Khovd university,http://english.hanban.org/node_45255.htm,yes,Khovd,"https://www.facebook.com/kunzinstitute/?ref=page_internal
http://herp.mn/pages/%D1%85%D0%BE%D0%B2%D0%B4-%D0%B8%D1%85-%D1%81%D1%83%D1%80%D0%B3%D1%83%D1%83%D0%BB%D1%8C%D0%B4-%D0%BE%D1%80%D0%BE%D0%BD-%D0%BD%D1%83%D1%82%D0%B3%D0%B8%D0%B9%D0%BD-%D0%B0%D0%BD%D1%85%D0%BD%D1%8B-%D0%BA%D0%BD%D0%B7%D0%B8%D0%B9%D0%BD-%D0%B8%D0%BD%D1%81%D1%82%D0%B8%D1%82%D1%83%D1%82-%D0%BD%D1%8D%D1%8D%D0%B3%D0%B4%D1%8D%D1%85%D1%8D%D0%B4-%D0%B1%D1%8D%D0%BB%D1%8D%D0%BD-%D0%B1%D0%BE%D0%BB%D0%BB%D0%BE%D0%BE",9/10/2015,,
Mongolia,Confucius Institute at Dornod University,,future,Choibalsan,"https://www.facebook.com/dornoduniversity/posts/1010726315632263/
https://www.facebook.com/dornoduniversity/posts/1664196290285259
https://www.facebook.com/dornoduniversity/posts/2862171360487740",,,
Morocco,Confucius Institute at Mohammed V University,http://ci-mu5.ma.chinesecio.com/,yes,Rabat,"http://www.chinatoday.com.cn/ctarabic/2018/wmdslzdf/201810/t20181026_800145332.html
http://www.xinhuanet.com/english/2019-09/28/c_138431784.htm",12/4/2009,,
Morocco,Confucius Institute at Hassan II University,http://ciuh2c.ma.chinesecio.com/,yes,Casablanca,"http://www.chinatoday.com.cn/ctarabic/2018/wmdslzdf/201810/t20181026_800145332.html
https://www.facebook.com/ciuh2/posts/2067849650108732/
https://rue20.com/368874.html
12/4/2009",1/18/2013,,
Morocco,Confucius Institute at Abdelmalek Essaadi University,http://zhuanti.hanban.org/videolist/?cat=383&tag=en,maybe,Tetouan,"http://www.chinatoday.com.cn/ctarabic/2018/wmdslzdf/201810/t20181026_800145332.html
https://www.uae.ma/website/fr/content/institut-confucius-de-l%E2%80%99universit%C3%A9-abdelmalek-essaadi
https://www.icuae.ma/",9/22/2016,,
Mozambique,Confucius Institute at Eduardo Mondlane University,http://english.hanban.org/node_37935.htm,yes,Maputo,https://uem.mz/index.php/noticias-recentes/1281-uem-recebe-os-edif-cios-da-eca-e-do-instituto-confucius,10/1/2012,,
Namibia,Confucius Institute at the University of Namibia,http://www.unam.na/,yes,Windhoek,"https://www.facebook.com/Confuciusinstituteatunam/
https://www.chinadaily.com.cn/a/202108/02/WS61078b5da310efa1bd666079.html
https://www.imago-images.com/st/0060387281",8/23/2013,,
Nepal,Confucius Institute at Kathmandu University,http://www.ku.edu.np/ci,maybe,Dhulikhel,"http://ci.ku.edu.np/index11.php?go=home
https://finsindia.org/dragons-soft-power-through-higher-education-in-nepal/",6/13/2007,,
Nepal,Confucius Institute at Tribhuvan University,http://zhuanti.hanban.org/videolist/?cat=787&tag=en,future,Kirtipur,"https://myrepublica.nagariknetwork.com/news/confucius-institute-to-be-set-up-at-tu/
https://risingnepaldaily.com/main-news/nepal-china-sign-altogether-20-agreements-mous-with-list
https://kathmandupost.com/national/2019/10/15/government-has-agreed-to-promote-mandarin-in-nepali-schools-and-not-everyone-seems-pleased
https://www.nepalitimes.com/latest/nepal-china-agreements-are-stuck/",,,
Netherlands,Groningen Confucius Institute,http://konfuzius-institut.uni-graz.at/de/,yes,Groningen,"https://www.confuciusgroningen.nl/
https://www.facebook.com/Groningen-Confucius-Institute-108520622564327/
https://www.rug.nl/about-ug/latest-news/news/archief2021/nieuwsberichten/confucius-instituut-groningen?lang=en
https://www.rug.nl/news/2011/05/077_11?lang=en",5/24/2011,,
Netherlands,Confucius Institute at ZUYD University of Applied Sciences,https://www.confuciusmaastricht.nl/,yes,Heerlen,"http://www.xinhuanet.com//english/2017-07/08/c_136426813.htm
https://www.facebook.com/confuciusmaastricht/",7/7/2017,,
New Zealand,Confucius Institute in Auckland,http://ci.ac.nz/,yes,Auckland,https://www.facebook.com/CIAUCKLAND/,6/29/1905,,
New Zealand,Confucius Institute at University of Canterbury,http://www.ci.canterbury.ac.nz/,yes,Christchurch,"https://www.canterbury.ac.nz/arts/research/ci/
https://www.facebook.com/Confucius-Institute-UC-2074145109494151/",11/1/2009,,
New Zealand,Confucius Institute at Victoria University of Wellington,http://www.victoria.ac.nz/ci/,yes,Wellington,,6/1/2010,,
Nigeria,Confucius Institute at the University of Lagos,https://confuciusinstituteunilag.com/,yes,Lagos,https://www.vanguardngr.com/2009/11/confucius-institute-opens-at-unilag-for-teaching-of-chinese-language/,11/5/2009,,
Nigeria,Confucius Institute at Nnamdi Azikiwe University,http://english.hanban.org/node_10939.htm,yes,Awka,"https://unizik.edu.ng/chinese-confucius-institute-ci/
https://unizik.edu.ng/unizik-ci-student-makes-top-30-in-the-chinese-proficiency-competition-involving-130-foreign-college-students/",2/1/2009,,
Norway,Confucius Institute in Bergen,http://www.konfucius.no/,no,Bergen,https://www.facebook.com/bergenkonfutse/posts/thank-you-for-your-interest-in-the-confucius-institute-in-bergen-and-our-activit/3544647595643331/,6/29/1905,,
Pakistan,Confucius Institute in Islamabad,http://english.hanban.org/node_10868.htm,yes,Islamabad,"http://www.xinhuanet.com/english/asiapacific/2021-03/18/c_139819968.htm
https://www.learningall.com/confucius-institute-numl-islamabad-chinese-language-course/
https://www.facebook.com/CLTAP/
http://www.numl.edu.pk/faculties/Confucius%20Institute",6/27/1905,,
Pakistan,Confucius Institute at University of Karachi,http://www.uok.edu.pk/,yes,Karachi,"https://www.facebook.com/CIKU2018/
https://www.uok.edu.pk/admissions/2021/chinpro.pdf
https://www.ilmkidunya.com/admissions/admission-open-in-confucius-institute-university-of-karachi-26-jul-2021-14694.aspx",11/29/2013,,
Pakistan,"Confucius Institute at University of Agriculture, Faisalabad",http://www.uaf.edu.pk/,yes,Faisalabad,"https://www.facebook.com/ciuaf/
https://ci.uaf.edu.pk/",2/12/2015,,
Pakistan,Confucius Institute at University of the Punjab,http://www.pu.edu.pk/cipu/,yes,Lahore ,"https://www.facebook.com/Confucius-Institute-Punjab-University-Lahore-237342330134321/
http://pu.edu.pk/home/department/90032/",7/2/2015,,
Pakistan,Confucius Institute at University of Sargodha,http://zhuanti.hanban.org/videolist/?cat=786&tag=en,maybe,Sargodha,"https://su.edu.pk/office/pakistan-institite-of-china-studies/initiatives
https://www.facebook.com/SargodhaUniversity.official/posts/d41d8cd9/2650230611920151/
https://academiamag.com/mou-between-sargodha-university-and-confucius-institute/
https://su.edu.pk/page/global-outlook",10/8/2019,,
Palestine,Confucius Institute at Al-Quds University,https://confucius.alquds.edu/,yes,Jerusalem,,12/16/2019,,
Panama,Confucius Institute at University of Panama,http://zhuanti.hanban.org/videolist/?cat=424&tag=en,yes,Panama City,"http://en.people.cn/n3/2018/1127/c90000-9522657.html
https://www.facebook.com/Instituto-Confucio-de-la-Universidad-de-Panam%C3%A1-1568350386595952/",9/1/2017,,
Papua New Guinea,Confucius Institute at Papua New Guinea University of Technology,http://zhuanti.hanban.org/videolist/?cat=688&tag=en,yes,Lae,"https://www.unitech.ac.pg/Confucius%20Institute
http://www.xinhuanet.com/english/asiapacific/2021-02/20/c_139755234.htm
https://www.thenational.com.pg/unitech-establishes-institute/",2/19/2021,,
,,,,,,,,
Peru,Confucius Institute at Catholic University of Santa Maria,http://english.hanban.org/node_8662.htm,yes,Arequipa,"https://english.gdufs.edu.cn/info/1042/2397.htm
https://www.facebook.com/Instituto-Confucio-UCSM-102495391593043/
https://www.ucsm.edu.pe/instituto-confucio/",9/10/2009,,
Peru,Confucius Institute at University of Piura,http://www.confucio.udep.edu.pe/,yes,Piura,"https://2020.udep.edu.pe/confucio/cursos/chino-mandarin-piura/ciclo-regular2021/
https://www.facebook.com/ConfucioUDEP/",9/25/2009,,
Peru,Confucius Institute at Catholic University of Peru,http://confucio.pucp.edu.pe/,yes,Lima,https://confucio.pucp.edu.pe/,7/1/1905,,
Peru,Confucius Institute at Ricardo Palma University,http://www.urp.edu.pe/iconfucio/,yes,Lima,,7/1/1905,,
Philippines,Confucius Institute at Ateneo de Manila University,http://www.ateneoconfucius.com/,yes,Quezon City,"http://www.ateneoconfucius.com/the-institute
https://www.philstar.com/other-sections/starweek-magazine/2006/10/01/360766/confucius-institute-finds-home",10/3/2006,,
Philippines,Confucius Institute at Bulacan State University,http://www.bulsu.edu.ph/,maybe,Malolos,"https://bulsu.edu.ph/confucius/home.html
https://www.facebook.com/CIBULSU/",2/28/2009,,
Philippines,Confucius Institute at Angeles University Foundation,http://www.auf.edu.ph/,yes,Angeles,"http://confucius.auf.edu.ph/
https://www.facebook.com/AUFconfucius/
https://www.fjnu.edu.cn/english/fb/59/c7187a260953/page.htm",1/10/2010,,
Philippines,Confucius Institute at University of the Philippines,http://english.hanban.org/node_45251.htm,yes,Quezon City,"https://www.facebook.com/CIUPD/
https://ci.upd.edu.ph/index.php?option=com_content&view=article&id=375&Itemid=546",10/12/2015,,
Philippines,Confucius Institute at Ateneo De Davao University,http://zhuanti.hanban.org/videolist/?cat=791&tag=en,yes,Davao,"https://taborasj.wordpress.com/2019/12/20/from-the-matteo-ricci-program-to-the-addu-confucius-institute/
https://ateneo153.rssing.com/chan-66040213/latest.php",12/19/2019,,
Poland,Confucius Institute in Krakow,http://www.instytutkonfucjusza.uj.edu.pl/,yes,Krakow,"https://en.uj.edu.pl/en_GB/news/-/journal_content/56_INSTANCE_SxA5QO0R5BDs/81541894/140595063
https://kzxy.bfsu.edu.cn/info/1088/1259.htm",9/29/2006,,
Poland,Confucius Institute in Opole,https://ik.po.opole.pl/,yes,Opole,"https://ik.po.opole.pl/?page_id=19
https://english.bjut.edu.cn/info/1040/1125.htm",10/8/2008,,
Poland,Confucius Institute at Adam Mickiewicz University,http://www.konfucjusz.amu.edu.pl/,yes,Poznań,"http://konfucjusz.amu.edu.pl/index.php?page=info-pl
http://www.china.org.cn/international/cultural_sidelines/2008-06/16/content_15819464.htm",6/16/2008,,
Poland,Confucius Institute at the University of Wroclaw,https://ik.uni.wroc.pl/zh/,maybe,Wrocław,https://ik.uni.wroc.pl/,12/2/2008,,
Poland,Confucius Institute at University of Gdańsk,https://instytutkonfucjusza.ug.edu.pl/,yes,Gdańsk,"http://international.cyu.edu.cn/news/201610/t20161021_78089.html
https://ug.edu.pl/news/en/961/ug-confucius-institute-new-management",9/21/2015,,
Poland,Confucius Institute at Warsaw University of Technology,https://www.confucius.pw.edu.pl/,maybe,Warsaw,https://asiaexplained.org/2019/10/new-confucius-institute-branch-in-warsaw-nowy-instytut-konfucjusza-w-warszawie/,9/23/2019,,
Portugal,Confucius Institute at the University of Lisbon,http://www.confucio.ul.pt/,yes,Lisbon,"https://www.confucio.ulisboa.pt/pt/
http://www.mandarinedu.org/English/news/10895.html
https://www.facebook.com/Instituto-Conf%C3%BAcio-da-Universidade-de-Lisboa-162993533868622/",4/8/2008,,
Portugal,Confucius Institute at the University of Minho,http://www.confucio.uminho.pt/,yes,Braga,http://www.confucio.uminho.pt/uploads/media_items/%E5%AD%A6%E5%AE%9E%E7%94%A8%E6%B1%89%E8%AF%AD-%E5%93%81%E9%9F%B5%E5%91%B3%E5%A4%A9%E6%B4%A5-%E5%8D%97%E5%BC%80%E5%A4%A7%E5%AD%A6-%E6%B1%89%E8%AF%AD%E6%A1%A5-%E7%9F%AD%E6%9C%9F%E7%BA%BF%E4%B8%8A%E9%A1%B9%E7%9B%AE%E6%8B%9B%E7%94%9F%E7%AE%80%E7%AB%A0-2.original.pdf,6/30/1905,,
Portugal,Confucius Institute at University of Aveiro,http://www.ua.pt/iconfucio,yes,Aveiro,,4/23/2015,,
Portugal,Confucius Institute at University of Coimbra,http://english.hanban.org/node_45703.htm,yes,Coimbra,"https://www.chinadaily.com.cn/culture/2016-07/06/content_25984151.htm
https://www.uc.pt/en/international/iuc",7/4/2016,,
Portugal,Confucius Institute at University of Porto,http://zhuanti.hanban.org/videolist/?cat=722&tag=en,yes,Porto,"https://www.porto.pt/en/news/the-university-of-porto-inaugurated-a-confucius-institute-and-classes-start-this-october
https://www.facebook.com/InstitutoConfucio.UP/",5/24/2019,,
Romania,Confucius Institute at Lucian Blaga University of Sibiu,http://cisibiu.ro.chinesecio.com/,yes,Sibiu,"https://www.facebook.com/confucius.sibiu
http://www.xinhuanet.com/english/2018-11/11/c_137597893.htm",6/29/1905,,
Romania,Confucius Institute at Babeş Bolyai University of Cluj-Napoca,http://english.hanban.org/node_9300.htm,yes,Cluj-Napoca,http://confucius.institute.ubbcluj.ro/despre-noi/istoric_confucius/,9/1/2009,,
Romania,Confucius Institute at Transilvania University of Brasov,http://confucius.unitbv.ro/,yes,Brașov,https://www.facebook.com/InstitutulConfuciusUNITBV/,3/26/2012,,
Romania,Confucius Institute at the University of Bucharest,http://www.confucius.unibuc.ro/,maybe,Bucharest,https://www.facebook.com/586139811537100/posts/the-confucius-institute-of-the-university-of-bucharest-institutul-confucius-din-/1378941088923631/,11/22/2013,,
Russia,Confucius Institute at Far Eastern National University,http://english.hanban.org/node_9114.htm,maybe,Vladivostok,"https://www.rsuh.ru/en/faculties-departments-and-international-centers/confucius-institute/
https://www.dvfu.ru/en/news/en_fefu-news/fefu_confucius_institute_conducted_calligraphic_competition/
https://www.tellerreport.com/news/2020-02-24---confucius-institute-at-russian-far-east-federal-university-says-russians-have-increased-interest-in-chinese-.SkzrLvM-48.html",9/1/2007,,
Russia,Confucius Institute at Russian State University for the Humanities,http://www.confucius-institute.ru/,yes,Moscow,,9/1/2007,,
Russia,Confucius Institute at Lomonosov Moscow State University,http://english.hanban.org/node_9112.htm,yes,Moscow,"https://ci.linguanet.ru/
https://linguanet.ru/en/cooperation/the-confucius-institute/",5/31/2011,,
Russia,Confucius Institute at Saint-Petersburg State University,http://www.ci.spbu.ru/,yes,Saint Petersburg,,,,
Russia,Confucius Institute at Irkutsk State University,http://confucius.dvgu.ru/,yes,Irkutsk,"http://www.confuci.irkutsk.ru/
https://twitter.com/isu_en/status/1274958226853974017",9/8/2007,,
Russia,Confucius Institute at Novosibirsk State University of Technology,http://www.confucius.nstu.ru/,yes,Novosibirsk ,https://confucius.nstu.ru/pages/istorija-sozdanija-missija-celi-zadachi,9/7/2007,,
Russia,Confucius Institute at Kazan Federal State University,https://kpfu.ru/eng/academic-units/humanities/institute-of-international-relations/structure/centers/confucius-institutes,maybe,Kazan,http://www.china.org.cn/top10/2012-05/07/content_25252751.htm,9/1/2007,,
Russia,Confucius Institute at Blagoveshchensk National Pedagogical University,http://www.sinocenter.ru/,yes,Blagoveshchensk,,,,
Russia,Confucius Institute at The Kalmyk State University,http://www.kalmsu.ru/,yes,Elista,"http://www.kalmykia.net/tag/the-confucius-institute/
https://eng.kalmgu.ru/confucius-institute-on-the-basis-of-kalmsu/confucius-institute-at-kalmyk-state-university/",4/24/2009,,
Russia,Confucius Institute at Tomsk State University,http://confucius.tsu.ru/,yes,Tomsk,,5/28/2008,,
Russia,Confucius Institute at Buryat State University,https://ci-bsu.ru/en/,yes,Ulan-Ude,"https://ci-bsu.ru/en/ob-institute/
https://www.bsu.ru/news/24851/",7/6/2007,,
Russia,Confucius Institute at Ural Federal University,http://ci.urfu.ru/,,,"https://english.gdufs.edu.cn/info/1042/2397.htm
",10/28/2008,,
Russia,Confucius Institute at Moscow State Linguistic University,http://www.ci-mglu.ru/,,,,,,
Russia,Confucius Institute at Ryazan State University,http://www.rsu.edu.ru/confucius,,,,,,
Russia,Confucius Institute at Nizhny Novgorod State Linguistic University,http://www.lunn.ru/confucius,,,,,,
Russia,Confucius Institute at Volgograd State Pedagogical University,http://www.confucius-vspu.ru/,,,,,,
Russia,Confucius Institute at Amur State University of Humanities and Pedagogy,http://ciamgpgu.ru.chinesecio.com/,,,,,,
Russia,Confucius Institute at Novosibirsk State University,http://nsu.ru/CCoLC,,,,,,
Russia,Confucius Institute at Krasnoyark State Pdeagogical University of V.P. Astafyev,http://zhuanti.hanban.org/videolist/?cat=718&tag=en,,,,,,
Rwanda,Confucius Institute at University of Rwanda-College of Education,http://ciurce.rw.chinesecio.com/,,,,,,
Senegal,Confucius Institute at University of Dakar,http://confucius.ucad.sn/,,,,,,
Samoa,Confucius Institute at National University of Samoa,http://zhuanti.hanban.org/videolist/?cat=687&tag=en,,,,,,
San Marino,Confucius Institute at University of the Republic of San Marino,http://www.istitutoconfuciosanmarino.sm/,,,,,,
Sao Tome and Principe,Confucius Institute at Sao Tome and Principe University,http://zhuanti.hanban.org/videolist/?cat=576&tag=en,,,,,,
Saudi Arabia,Confucius Institute at University of Jeddah,http://zhuanti.hanban.org/videolist/?cat=790&tag=en,,,,,,
Serbia,Confucius Institute in Belgrade,http://konfucije.fil.bg.ac.rs/,,,,,,
Serbia,Confucius Institute at University of Novi Sad,http://english.hanban.org/node_42256.htm,,,,,,
Seychelles,Confucius Institute at University of Seychelles,http://english.hanban.org/node_42056.htm,,,,,,
Sierra Leone,Cofucius Institute at University of Sierra Leone,http://english.hanban.org/node_42054.htm,,,,,,
Singapore,Confucius Institute at the Nanyang Technological University,http://www.ci.ntu.edu.sg/,,,,,,
Slovakia,Confucius Institute in Bratislava,http://english.hanban.org/node_10516.htm,,,,6/29/1905,,
Slovakia,Confucius Institute at Comenius University,https://uniba.sk/konfuciov-institut/,,,,,,
Slovakia,Confucius Institute for Business at Matej Bel University,http://zhuanti.hanban.org/videolist/?cat=723&tag=en,,,,,,
Slovenia,Confucius Institute at the University of Ljubljana,http://www.ef.uni-lj.si/konfucijev_institut,,,,,,
South Africa,Confucius Institute at Stellenbosch University,http://www.ccs.org.za/,,,,,,
South Africa,Confucius Institute at the University of Cape Town,http://www.confucius.uct.ac.za/,,,,,,
South Africa,Confucius Institute at Rhodes University,http://www.ru.ac.za/confuciusinstitute,,,,,,
South Africa,Confucius Institute at Durban University of Technology,http://dut.za.chinesecio.com/,,,,,,
South Africa,Confucius Institute at the University of Johannesburg,http://english.hanban.org/node_44823.htm,,,,,,
South Africa,Confucius Institute of Traditional Chinese Medicine at the University of Western Cape,http://zhuanti.hanban.org/videolist/?cat=671&tag=en,,,,,,
Spain,Confucius Institute in Madrid,http://www.confuciomadrid.es/,,,,,,
Spain,Confucius Institute at the University of Leon,http://fgulem.unileon.es/confucio/,,,,,,
Spain,Confucius Institute at the University of Granada,http://institutoconfucio.ugr.es/,,,,,,
Spain,Confucius Institute at the University of Valencia,https://www.uv.es/uvweb/economy/en/life-campus/languages/confucius-institute-1285848978007.html,,,,,,
Spain,Confucius Institute at The University of Las Palmas of Gran Canaria,http://www.english.ulpgc.es/index.php?option=com_content&view=article&id=136,,,,,,
Spain,Confucius Institute in Barcelona,http://english.hanban.org/node_10528.htm,,,,,,
Spain,Confucius Institute at University of Castilla-la Mancha,http://confucioclm.uclm.es/instituto-confucio/,,,,,,
Spain,Confucius Institute at University of Zaragoza,http://zhuanti.hanban.org/videolist/?cat=381&tag=en,,,,,,
Sri Lanka,Confucius Institute at the University of Kelaniya,http://english.hanban.org/node_10738.htm,,,,,,
Sri Lanka,Confucius Institute at Colombo University,http://english.hanban.org/node_45632.htm,,,,,,
Sudan,Confucius Institute at the University of Khartoum,http://english.hanban.org/node_10945.htm,,,,,,
Suriname,Confucius Institute at the Anton de Kom University of Suriname,http://zhuanti.hanban.org/videolist/?cat=148&tag=en,,,,,,
Sweden,Confucius Institute in Lulea,http://english.hanban.org/node_38135.htm,no,,,,,
Sweden,Borlange-Wuhan Friendship City Confucius Institute,http://zhuanti.hanban.org/videolist/?cat=435&tag=en,no,,,,,
Switzerland,Confucius Institute in Geneva,http://www.unige.ch/ic/Enseignement.html,,,,,,
Switzerland,Confucius Institute at the University of Basel,http://www.ciub.ch/en/,,,,,,
Tajikistan,Confucius Institute at Tajik National University,http://english.hanban.org/node_10689.htm,,,,,,
Tajikistan,Confucius Institute at Mining– metallurgical Institute of Tajikistan,http://www.gmit.tj/,,,,,,
Tanzania,Confucius Institute at the University of Dodoma,http://english.hanban.org/node_42057.htm,,,,,,
Tanzania,Confucius Institute at the University of Dar es Salaam,https://www.udsm.ac.tz/web/index.php/institutes/ci,,,,,,
Thailand,Confucius Institute at Chulalongkorn University,http://www.confucius.chula.ac.th/,,,,,,
Thailand,Confucius Institute at Kasetsart University,http://english.hanban.org/node_10711.htm,,,,,,
Thailand,Confucius Institute at Khon Kaen University,http://confucius.kku.ac.th/,,,,,,
Thailand,Confucius Institute at Mae Fah Luang University,http://english.hanban.org/node_10709.htm,,,,,,
Thailand,Confucius Institute at Chiang Mai University,http://cicmu.th.chinesecio.com/zh-hans,,,,,,
Thailand,Confucius Institute at Prince of Songkla University,http://www.confucius.psu.ac.th/,,,,,,
Thailand,Confucius Institute at Mahasarakham University,http://msuci.th.chinesecio.com/zh-hans,,,,,,
Thailand,Confucius Institute at Bansomdejchaopraya Rajabhat University,http://english.hanban.org/node_10705.htm,,,,,,
Thailand,Confucius Institute of Suan Dusit Rajabhat University at Suphanburi,http://www.confucius.dusit.ac.th/,,,,,,
Thailand,"Confucius Institute at Phuket, Prince of Songkla University",http://english.hanban.org/node_10703.htm,,,,,,
Thailand,Confucius Institute of Betong Municipality,http://www.hanbanthai.org/kongzixueyuan/cibetong/,,,,,,
Thailand,Confucius Institute at Burapha University,http://english.hanban.org/node_10701.htm,,,,,,
Thailand,Confucius Institute at Assumption University,http://www.ci.au.edu/,,,,,,
Thailand,Maritime Silk Road Confucius Institute,http://english.hanban.org/node_45638.htm,,,,,,
Thailand,Confucius Institute for Traditional Chinese Medicine at Huachiew Chalermprakiet,http://zhuanti.hanban.org/videolist/?cat=166&tag=en,,,,,,
Thailand,Maritime Silk Road Confucius Institute at Phranakhon Rajabhat University,http://zhuanti.hanban.org/videolist/?cat=386&tag=en,,,,,,
Togo,Confucius Institute at University of Lome,http://english.hanban.org/node_10951.htm,,,,,,
Trinidad and Tobage,"Confucius Institute at the University of the West Indies, St. Augustine Campus",https://sta.uwi.edu/confucius/home,,,,,,
Tunisia,Confucius Institute at University of Carthage,http://zhuanti.hanban.org/videolist/?cat=429&tag=en,,,,,,
Turkey,Confucius Institute at Bogazici University,http://www.confucius.boun.edu.tr/,,,,,,
Turkey,Confucius Institute at Middle East Technical University,http://ci.metu.edu.tr/zh-hans/,,,,,,
Turkey,Confucius Institute at Okan University,http://english.hanban.org/node_42188.htm,,,,,,
Turkey,Confucius Institute at Yeditepe University,http://english.hanban.org/node_45660.htm,yes,,http://www.confucio.uminho.pt/uploads/media_items/%E5%AD%A6%E5%AE%9E%E7%94%A8%E6%B1%89%E8%AF%AD-%E5%93%81%E9%9F%B5%E5%91%B3%E5%A4%A9%E6%B4%A5-%E5%8D%97%E5%BC%80%E5%A4%A7%E5%AD%A6-%E6%B1%89%E8%AF%AD%E6%A1%A5-%E7%9F%AD%E6%9C%9F%E7%BA%BF%E4%B8%8A%E9%A1%B9%E7%9B%AE%E6%8B%9B%E7%94%9F%E7%AE%80%E7%AB%A0-2.original.pdf,,,
Ukraine,Confucius Institute at Luhansk National Pedagogical University,http://confucius.luguniv.edu.ua/,,,,,,
Ukraine,Confucius Institute at South Ukranian National Pedagogical University,http://www.pdpu.edu.ua/,,,,,,
Ukraine,Confucius Institute at National Taras Shevchenko University of Kyiv,http://confucius.univ.kiev.ua.chinesecio.com/,,,,,,
Ukraine,Confucius Institute at Kharkiv State University,http://www.univer.kharkov.ua/,,,,,,
Ukraine,Confucius Institute at Kiev State Linguistic University,http://ciknlu.kiev.ua.chinesecio.com/zh-hans,,,,,,
Ukraine,Confucius Institute at Vinnytsia National Technical University,http://zhuanti.hanban.org/videolist/?cat=796&tag=en,,,,,,
Uganda,Confucius Institute at Makerere University,http://english.hanban.org/node_44743.htm,,,,,,
United Arab Emirates,Confucius Institute at Zayed University,http://www.zu.ac.ae/,Yes,Dubai,https://www.cizu.org,1/1/2010,,
United Arab Emirates,Confucius Institute University of Dubai,http://www.ud.ac.ae/,Yes,Dubai,https://www.mei.edu/publications/chinese-soft-power-and-dubais-confucius-institute,1/1/2011,,
United Kingdom,Confucius Institute at University of Liverpool,http://www.liv.ac.uk/confucius-institute,Yes,Liverpool,,10/22/2009,,
United Kingdom,Confucius Institute for Scotland in the University of Edinburgh,http://www.confuciusinstitute.ac.uk/,Yes,Edinburgh,,1/1/2007,,
United Kingdom,Confucius Institute at UCL Institute of Education,http://ci.ioe.ac.uk/,Yes,London,,6/1/2006,,
United Kingdom,Conrfucius Institute at the University of Aberdeen,http://www.abdn.ac.uk/confucius/,Yes,Aberdeen,,9/27/2013,,
United Kingdom,Confucius Institute at Edge Hill university,https://www.edgehill.ac.uk/confuciusinstitute/,maybe,Lancashire,,1/1/2015,,
United Kingdom,Confucius Institute at De Montfort University,http://english.hanban.org/node_42219.htm,Yes,Leicester,,3/21/2014,,
United Kingdom,Business Confucius Institute at the University of Leeds,https://confucius.leeds.ac.uk/,Yes,Leeds,,11/30/2013,,
United Kingdom,"Confucius Institute for Dance and Performance at Goldsmiths, University of London",https://www.gold.ac.uk/confucius-institute/,Yes,London,,6/1/2012,,
United Kingdom,Confucius Institute for Business London,https://www.lse.ac.uk/CIBL,Yes,London,,1/1/2006,,
United Kingdom,Confucius Institute at Lancaster University,https://www.lancaster.ac.uk/confucius-institute/,Yes,Lancaster,,1/1/2011,,
United Kingdom,"Confucius Institute for Traditional Chinese Medicine, London",https://lsbu-confucius.london/,No,London,,1/1/2007,,
United Kingdom,Confucius Institute at the University of Manchester,http://www.confuciusinstitute.manchester.ac.uk/,Maybe,Manchester,,10/1/2016,,
United Kingdom,Confucius Institute at the University of Nottingham,http://www.nottingham.ac.uk/chinese/confucius/index.aspx,Yes,Nottingham,,1/1/2007,,
United Kingdom,Confucius Institute at the University of Sheffield,http://www.shef.ac.uk/confucius,Yes,Sheffield,,9/1/2007,,
United Kingdom,Confucius Institute at Cardiff University,https://www.cardiff.ac.uk/confucius-institute,Yes,Cardiff,,1/1/2008,,
United Kingdom,Confucius Institute at the University of Central Lancashire,http://uclanci.uk.chinesecio.com/,,,,,,
United Kingdom,Confucius Institute at the University of Wales Trinity Saint David,http://www.uwtsd.ac.uk/confucius-institute/,,,,,,
United Kingdom,Confucius Institute at the University of Glasgow,http://www.glasgow.ac.uk/confuciusinstitute,yes,,http://www.confucio.uminho.pt/uploads/media_items/%E5%AD%A6%E5%AE%9E%E7%94%A8%E6%B1%89%E8%AF%AD-%E5%93%81%E9%9F%B5%E5%91%B3%E5%A4%A9%E6%B4%A5-%E5%8D%97%E5%BC%80%E5%A4%A7%E5%AD%A6-%E6%B1%89%E8%AF%AD%E6%A1%A5-%E7%9F%AD%E6%9C%9F%E7%BA%BF%E4%B8%8A%E9%A1%B9%E7%9B%AE%E6%8B%9B%E7%94%9F%E7%AE%80%E7%AB%A0-2.original.pdf,,,
United Kingdom,Confucius Institute at the University of Southampton,https://www.southampton.ac.uk/ci/index.page,,,,,,
United Kingdom,Confucius Institute at Ulster University,http://www.ulster.ac.uk/confucius,,,,,,
United Kingdom,Confucius Institute for Scotland’s Schools,http://www.strath.ac.uk/ciss,,,,,,
United Kingdom,Scottish Confucius Institute for Business and Communication at Heriot Watt University,http://english.hanban.org/node_43189.htm,,,https://confuciusinstitute.site.hw.ac.uk/team/,,,
United Kingdom,Confucius Institute at Newcastle University,http://www.ncl.ac.uk/sml/confucius/,,,,,,
United Kingdom,Confucius Institute at Bangor University,http://www.bangor.ac.uk/confucius-institute/,,,,,,
United Kingdom,Confucius Institute at the University of Hull,http://english.hanban.org/node_45712.htm,,,,,,
United Kingdom,Confucius Institute at Queen Mary University of London,http://english.hanban.org/node_45715.htm,,,,,,
United Kingdom,Confucius Institute at Coventry University,http://english.hanban.org/node_45718.htm,,,,,,
United Kingdom,Confucius Institute at Oxford Brooks University,http://www.brookes.ac.uk/confucius,,,,,,
United Kingdom,Confucius Institute of Science and Technology Innovation at the University of Huddersfi,http://zhuanti.hanban.org/videolist/?cat=769&tag=en,,,,,,
United States,Confucius Institute at the University of Maryland,http://www.international.umd.edu/cim/,,,,,,
United States,Confucius Institute at the College of William & Mary,https://www.wm.edu/sites/confuciusinstitute/,,,,,,
United States,Confucius Institute at China Institute,http://www.chinainstitute.org/,,,,,,
United States,Confucius Institute at the University of Kansas,https://soe.ku.edu/ku-end-confucius-institute-program,,,,,,
United States,Confucius Institute at the University of Iowa,https://diversity.uiowa.edu/unit/confucius-institute,,,,,,
United States,Confucius Institute at Michigan State University,http://www.confucius.msu.edu/,,,,,,
United States,Confucius Institute at the University of Oklahoma,http://www.ou.edu/ouci/,,,,,,
United States,Confucius Institute at the University of Missouri,https://confucius.missouri.edu/,,,,,,
United States,Confucius Institute at Bryant University,https://china.bryant.edu/confucius-institute,,,,,,
United States,"Confucius Institute at the University of California, Los Angeles",http://www.confucius.ucla.edu/,,,,,,
United States,"Confucius Institute at University of California, Davis",http://english.hanban.org/node_41323.htm,,,,,,
United States,Confucius Institute at Portland State University,http://cipsu.us.chinesecio.com/,,,,,,
United States,Confucius Institute at Community College of Denver,https://www.ccd.edu/org/confucius-institute,,,,,,
United States,Confucius Institute at New Mexico State University,https://confucius.nmsu.edu/,no,,https://confucius.nmsu.edu/,,,
United States,Confucius Institute at the University of Nebraska-Lincoln,http://confuciusinstitute.unl.edu/,,,,,,
United States,Confucius Institute at the University of Pittsburgh,http://www.ucis.pitt.edu/cipitt/,,,,,,
United States,Confucius Institute at the University of Memphis,http://www.memphis.edu/cium/,,,,,,
United States,Confucius Institute at Wayne State University,http://www.clas.wayne.edu/ci,,,,,,
United States,"Confucius Institute at Rutgers, the State University of New Jersey",http://www.ciru.rutgers.edu/,,,,,,
United States,Confucius Institute at the University of Central Arkansas,https://uca.edu/confucius/,,,,,,
United States,Confucius Institute at Valparaiso University,https://www.valpo.edu/confucius-institute/,,,,,,
United States,Confucius Institute at Miami University,http://miamioh.edu/global-initiatives/confucius-institute/index.html,,,,,,
United States,Confucius Institute at the University of Wisconsin-Platteville,https://www.uwplatt.edu/department/confucius-institute,,,,,,
United States,Confucius Institute at Troy University,http://citu.us.chinesecio.com/,,,,,,
United States,Confucius Institute at the University of Utah,http://confucius-institute.utah.edu/,,,,,,
United States,Confucius Institute at the University of Arizona,http://www.arizona.edu/,,,,,,
United States,Confucius Institute at Xavier University of Louisiana,http://www2.xula.edu/confucius/index.html,,,,,,
United States,Confucius Institute at Houston Independent School District,http://www.houstonisd.org/confucius,,,,,,
United States,Confucius Institute at Broward County Public Schools,http://english.hanban.org/node_41290.htm,,,,,,
United States,Confucius Institute at East Central Ohio Educational Service Center,http://www.ecoesc.org/,,,,,,
United States,Confucius Institute at Colorado State University,http://english.hanban.org/node_41301.htm,,,,,,
United States,Confucius Institute at Old Dominion University,http://www.odu.edu/ci,,,,,,
United States,Confucius Institute at Central Connecticut State University,https://www.ccsu.edu/ci/,,,,,,
United States,Confucius Institute at Texas Southern University,http://www.tsuci.org/,,,,,,
United States,Confucius Institute at Webster University,https://www.webster.edu/confucius-institute/,,,,,,
United States,Confucius Institute in Atlanta,http://confucius.emory.edu/,,,,,,
United States,Confucius Institute at the University of Akron,http://www.uakron.edu/ci/,,,,,,
United States,Confucius Institute at the University of Montana,http://www.umt.edu/mansfield/,,,,,,
United States,Confucius Institute at the University of South Carolina,https://ci.sc.edu/,,,,,,
United States,Confucius Institute at Cleveland State University,http://www.csuohio.edu/confucius,,,,,,
United States,Confucius Institute at the University of Toledo,http://www.utoledo.edu/cisp/Confucius_Institute/index.html,,,,,,
United States,Confucius Institute at Alfred University,http://ciau.us.chinesecio.com/,,,,,,
United States,Confucius Institute at Stony Brook University,http://www.stonybrook.edu/confucius/,,,,,,
United States,Confucius Institute at George Mason University,http://confucius.gmu.edu/,,,,,,
United States,Confucius Institute at Presbyterian College,https://www.presby.edu/academics/confucius-institute/,,,,,,
United States,Confucius Institute at Western Michigan University,http://www.wmich.edu/international,,,,,,
United States,Confucius Institute of the State of Washington,http://confucius.washington.edu/,,,,,,
United States,Confucius Institute at the George Washington University,http://confucius.columbian.gwu.edu/,,,,,,
United States,Confucius Institute at the University of Idaho,http://www.uidaho.edu/class/confucius-institute,,,,,,
United States,Confucius Institute at the University of Southern Maine,http://www.usm.maine.edu/confucius,,,,,,
United States,"Confucius Institute at the University at Albany, State University of New York",http://www.albany.edu/,,,,,,
United States,Confucius Institute at St. Cloud State University,https://www.stcloudstate.edu/confucius/,,,,,,
United States,Confucius Institute at Middle Tennessee University,https://www.mtsu.edu/cimtsu/,,,,,,
United States,Confucius Institute at Wesleyan College,http://wesleyancollege.us.chinesecio.com/,,,,,,
United States,"Confucius Institute at State College of Optometry, State University of New York",https://www.sunyopt.edu/education/academics/international-programs/confucius-institute,,,,,,
United States,Confucius Institute in Chicago,http://www.confuciusinstituteinchicago.com/,,,,,,
United States,Confucius Institute for Business at State University of New York,http://confuciusbusiness.suny.edu/,,,,,,
United States,Confucius Institute at Columbia University,http://www.columbia.edu/,,,,,,
United States,Confucius Institute at State University of New York at Buffalo,http://www.confuciusinstitute.buffalo.edu/,,,,,,
United States,Confucius Institute of Chinese Opera at the State University of New York at Binghamton,http://www.binghamton.edu/confucius-institute/,,,,,,
United States,Confucius Institute at Stanford University,https://ealc.stanford.edu/confucius-institute/confucius-institute-overview,,,,,,
United States,Confucius Institute at the University of Kentucky,https://international.uky.edu/ukci,,,,,,
United States,Confucius Institute at the University of Delaware,http://sites.udel.edu/ci/,,,,,,
United States,Confucius Institute at the University of New Hampshire,http://cola.unh.edu/confucius,,,,,,
United States,Confucius Institute at Georgia State University,http://ci.gsu.edu/,,,,,,
United States,Confucius Institute at University of Alaska Anchorage,https://www.uaa.alaska.edu/academics/college-of-arts-and-sciences/programs/confucius-institute/,,,,,,
United States,Confucius Institute at Northern State University,http://english.hanban.org/node_44977.htm,,,,,,
United States,Confucius Institute at Tufts University,http://english.hanban.org/node_45729.htm,,,,,,
United States,Confucius Institute at Kansas State University,http://www.k-state.edu/confucius,,,,,,
United States,Confucius Institute at Alabama A&M University,http://www.aamu.edu/confucius/Pages/default.aspx,,,,,,
United States,Confucius Institute at Temple University,http://english.hanban.org/node_45744.htm,,,,,,
United States,Confucius Institute at West Virginia University,http://english.hanban.org/node_45747.htm,,,,,,
United States,Confucius Institute at Southern Utah University,http://suu.edu/confucius/index.html,,,,,,
United States,Confucius Institute at New Jersey City University,http://english.hanban.org/node_45753.htm,,,,,,
United States,Confucius Institute at Clark County School District,http://english.hanban.org/node_41317.htm,,,,,,
United States,Confucius Institute at Davis School Disrict,http://english.hanban.org/node_41318.htm,,,,,,
United States,Confucius Institute at Savannah State University,https://www.savannahstate.edu/confucius/,,,,,,
United States,"Confucius Institute at the University of California, Santa Barbara",http://english.hanban.org/node_42929.htm,,,,,,
United States,Confucius Institute at Northwest Nazarene University,https://chinesestudies.nnu.edu/,,,,,,
United States,Confucius Institute at the University of North Carolina at Charlotte,https://confucius.uncc.edu/,,Charlotte,,,,
United States,New York Confucius Institute for Global Finance at Baruch College,http://zhuanti.hanban.org/videolist/?cat=680&tag=en,,,,,,
United States,Confucius Institute at Medga Evers College The City University of New York,http://zhuanti.hanban.org/videolist/?cat=681&tag=en,,New York City,,,,
United States,Confucius Institute of Western Kentucky,http://zhuanti.hanban.org/videolist/?cat=761&tag=en,,,,,,
United States,Confucius Institute in San Diego at San Diego Global Educational Institute,http://zhuanti.hanban.org/videolist/?cat=762&tag=en,,San Diego,,,,
United States,Miami Confucius Institute for Business,http://zhuanti.hanban.org/videolist/?cat=795&tag=en,,Miami,,,,
Uruguay,"Confucius Institute at the Universidad de la Republica, Uruguay",http://zhuanti.hanban.org/videolist/?cat=683&tag=en,,,,,,
Uzbekistan,Confucius Institute in Tashkent State Institute of Oriental Studies,http://www.tdshi.uz/,,,,6/1/2004,,
Uzbekistan,Confucius Institute at Samarkand State Institute of Foreign Languages,http://www.samdchti.uz/,,,,,,
Venezuela,Confucius Institute at Universidad Bolivariana de Venezuela,http://english.hanban.org/node_45771.htm,,,,,,
Venezuela,Confucius Institute at the Bolivarian University of Venezuela in Caracas,,,,https://www.facebook.com/page/338109312883186/search/?q=confucius,12/16/2016,,
Vietnam,Confucius Institute at Hanoi University,http://hanu.vn/,,,,,,
Zambia,Confucius Institute at University of Zambia,https://www.unza.zm/confucius/,,,,,,
Zimbabwe,Confucius Institute at the University of Zimbabwe,https://www.uz.ac.zw/,,,,,,